country,year,0,1,2,3,4,5,6,7,8,9,10,11,12,13,14,15,16,17,18,19,20,21,22,23,24,25,26,27,28,29,30,31,32,33,34,35,36,37,38,39,40,41,42,43,44,45,46,47,48,49,50,51,52,53,54,55,56,57,58,59,60,61,62,63,64,65,66,67,68,69,70,71,72,73,74,75,76,77,78,79,80,81,82,83,84,85,86,87,88,89,90,91,92,93,94,95,96,97,98,99,100
Ethiopia,2000,2708.453,2579.128,2459.995,2350.386,2249.628,2157.051,2071.984,1993.756,1921.696,1855.133,1793.03,1734.347,1680.251,1630.805,1584.237,1540.003,1499.763,1451.189,1388.583,1317.899,1250.11,1182.202,1123.013,1077.792,1041.901,1005.59,970.962,935.258,896.176,855.462,817.48,781.73,746.611,711.884,678.227,645.923,614.154,587.774,568.986,555.263,542.226,531.17,517.491,498.588,476.776,456.513,436.361,419.704,408.495,400.674,392.413,384.707,374.673,360.563,343.862,327.989,312.491,296.911,281.44,266.27,250.973,235.125,222.001,213.025,206.539,199.937,194.316,185.336,170.758,152.874,135.972,118.897,104.858,95.787,89.985,83.897,78.328,72.14,64.436,55.943,48.287,41.146,34.644,29.007,24.092,19.492,15.245,11.631,8.736,6.444,4.033,2.453,1.916,1.341,0.728,0.418,0.343,0.263,0.174,0.079,0.078
Ethiopia,2001,2738.766,2673.594,2556.168,2445.679,2341.85,2244.403,2152.924,2067.001,1987.033,1913.013,1844.257,1779.057,1716.519,1659.449,1608.67,1561.918,1517.289,1476.588,1428.323,1367.032,1298.33,1232.605,1166.944,1109.713,1065.851,1030.91,995.636,962.052,927.165,888.613,848.206,810.469,774.914,739.817,704.91,670.952,638.311,606.122,579.56,560.985,547.725,535.097,524.455,511.102,492.361,470.598,450.411,430.344,413.726,402.502,394.629,386.302,378.506,368.42,354.331,337.69,321.855,306.381,290.805,275.307,260.082,244.74,228.875,215.632,206.382,199.539,192.603,186.626,177.481,163.036,145.48,128.895,112.191,98.412,89.4,83.542,77.461,71.914,65.859,58.462,50.397,43.159,36.44,30.399,25.259,20.86,16.704,12.996,9.943,7.437,5.383,3.333,2.051,1.599,1.116,0.603,0.361,0.275,0.182,0.083,0.085
Ethiopia,2002,2754.512,2666.163,2643.028,2537.292,2435.255,2337.03,2242.734,2152.207,2065.294,1983.462,1907.369,1836.315,1767.923,1701.438,1641.311,1589.121,1542.11,1497.017,1455.792,1407.756,1347.681,1280.851,1217.08,1153.56,1098.189,1055.617,1021.568,987.275,954.679,920.553,882.468,842.305,804.752,769.332,734.202,699.061,664.749,631.719,599.06,572.274,553.884,541.066,528.823,518.578,505.531,486.921,465.173,445.031,425.017,408.412,397.155,389.216,380.811,372.913,362.761,348.669,332.063,316.24,300.765,285.169,269.621,254.318,238.906,222.998,209.615,200.078,192.868,185.589,179.247,169.921,155.588,138.329,122.037,105.674,92.134,83.166,77.246,71.159,65.626,59.694,52.593,44.941,38.109,31.803,26.211,21.56,17.667,13.948,10.773,8.275,6.153,4.334,2.64,1.652,1.286,0.894,0.478,0.286,0.19,0.088,0.093
Ethiopia,2003,2760.796,2699.7,2633.085,2614.7,2520.569,2426.899,2334.198,2242.972,2153.32,2065.343,1981.578,1903.346,1829.934,1758.289,1687.798,1624.561,1570.916,1523.605,1478.011,1436.224,1388.38,1329.469,1264.453,1202.585,1141.152,1087.595,1046.277,1013.091,979.751,948.116,914.722,877.072,837.117,799.716,764.403,729.21,693.803,659.107,625.662,592.505,565.472,547.25,534.863,522.997,513.141,500.387,481.891,460.14,440.027,420.049,403.444,392.144,384.134,375.642,367.635,357.407,343.301,326.715,310.891,295.403,279.773,264.16,248.767,233.272,217.309,203.774,193.94,186.359,178.73,172.015,162.502,148.268,131.293,115.279,99.244,85.931,77,71.011,64.916,59.391,53.578,46.765,39.52,33.09,27.189,22.043,17.876,14.489,11.204,8.558,6.614,4.873,3.287,1.949,1.254,0.973,0.673,0.355,0.198,0.093,0.103
Ethiopia,2004,2765.897,2728.676,2681.305,2624.955,2586.613,2504.092,2418.792,2331.612,2243.451,2154.666,2065.613,1979.903,1899.521,1823.739,1748.83,1674.32,1607.963,1552.854,1505.239,1459.137,1416.785,1369.125,1311.374,1248.169,1188.198,1128.849,1077.104,1037.035,1004.713,972.321,941.646,908.98,871.764,832.012,794.76,759.551,724.289,688.614,653.53,619.664,586.005,558.723,540.667,528.709,517.22,507.751,495.289,476.908,455.152,435.064,415.121,398.513,387.168,379.085,370.506,362.389,352.085,337.963,321.395,305.57,290.065,274.4,258.722,243.234,227.655,211.635,197.947,187.815,179.861,171.88,164.793,155.091,140.954,124.263,108.525,92.816,79.729,70.834,64.776,58.671,53.153,47.459,40.936,34.096,28.067,22.573,17.873,14.19,11.307,8.456,6.34,4.95,3.592,2.24,1.257,0.857,0.66,0.451,0.231,0.099,0.111
Ethiopia,2005,2777.064,2755.682,2721.816,2676.756,2621.795,2558.225,2487.34,2410.429,2328.787,2243.705,2155.796,2065.674,1978.026,1895.5,1817.352,1739.181,1660.656,1591.179,1534.611,1486.696,1440.089,1397.177,1349.707,1293.123,1231.737,1173.673,1116.415,1066.491,1027.678,996.22,964.782,935.071,903.139,866.359,826.816,789.716,754.616,719.29,683.349,647.88,613.596,579.439,551.909,534.023,522.496,511.383,502.304,490.138,471.871,450.112,430.051,410.143,393.534,382.147,373.992,365.327,357.101,346.721,332.584,316.037,300.209,284.692,268.992,253.249,237.671,222.009,205.932,192.093,181.664,173.335,165.004,157.545,147.653,133.616,117.209,101.75,86.371,73.511,64.653,58.526,52.411,46.903,41.327,35.093,28.662,23.035,17.948,13.694,10.497,8.12,5.704,4.12,3.283,2.307,1.192,0.564,0.458,0.347,0.229,0.107,0.119
Ethiopia,2006,2792.046,2764.425,2739.364,2704.102,2659.496,2606.402,2546.077,2479.784,2406.355,2325.837,2240.299,2152.595,2063.153,1974.966,1890.148,1808.678,1727.267,1645.192,1573.629,1517.381,1471.327,1426.354,1385.248,1339.067,1282.745,1220.998,1162.827,1105.5,1055.777,1017.626,987.105,956.526,927.694,896.409,859.888,820.357,783.301,748.194,712.995,677.426,642.466,608.627,574.91,547.658,529.797,518.128,506.882,497.632,485.363,467.128,445.476,425.479,405.619,388.992,377.488,369.148,360.301,351.888,341.301,326.939,310.157,294.086,278.311,262.404,246.536,230.885,215.171,199.115,185.169,174.421,165.676,156.976,149.104,139.19,125.733,110.278,95.737,81.375,69.183,60.399,53.983,47.673,41.938,36.385,30.598,24.878,19.821,15.398,11.787,8.993,6.826,4.747,3.447,2.742,1.923,0.988,0.507,0.385,0.254,0.118,0.126
Ethiopia,2007,2813.85,2797.392,2752.319,2723.578,2686.917,2642.756,2591.514,2534.42,2472.701,2402.735,2323.325,2237.315,2149.799,2061.019,1972.278,1885.158,1800.354,1715.693,1630.056,1556.396,1500.457,1456.254,1412.904,1373.598,1328.693,1272.621,1210.502,1152.215,1094.809,1045.276,1007.779,978.186,948.458,920.5,889.854,853.584,814.061,777.04,741.921,706.843,671.639,637.181,603.78,570.497,543.518,525.677,513.866,502.484,493.061,480.687,462.481,440.932,420.994,401.177,384.531,372.907,364.381,355.35,346.749,335.955,321.364,304.344,288.028,271.991,255.874,239.879,224.151,208.385,192.344,178.289,167.221,158.059,148.991,140.704,130.765,117.885,103.377,89.752,76.401,64.875,56.162,49.457,42.949,36.988,31.457,26.114,21.102,16.616,12.855,9.885,7.493,5.535,3.791,2.776,2.203,1.539,0.785,0.431,0.286,0.13,0.133
Ethiopia,2008,2844.609,2820.383,2790.788,2741.355,2708.925,2670.851,2627.116,2577.706,2523.815,2466.641,2400.108,2321.771,2235.255,2147.889,2059.735,1970.404,1880.945,1792.778,1704.833,1615.602,1539.818,1484.165,1441.792,1400.046,1362.52,1318.875,1263.03,1200.513,1142.086,1084.576,1035.214,998.353,969.676,940.787,913.691,883.67,847.638,808.103,771.105,735.959,700.988,666.133,632.162,599.186,566.322,539.606,521.779,509.818,498.296,488.697,476.212,458.027,436.573,416.685,396.904,380.231,368.483,359.766,350.548,341.757,330.75,315.926,298.661,282.092,265.787,249.455,233.325,217.514,201.689,185.657,171.488,160.096,150.513,141.072,132.367,122.399,110.092,96.524,83.808,71.463,60.596,51.952,44.955,38.247,32.056,26.545,21.644,17.339,13.42,10.318,7.989,5.997,4.248,2.836,2.107,1.665,1.157,0.581,0.321,0.145,0.141
Ethiopia,2009,2886.095,2850.686,2814.473,2777.037,2732.156,2696.016,2656.503,2613.167,2565.556,2514.835,2462.172,2399.026,2321.714,2234.636,2147.365,2059.778,1969.8,1877.945,1786.354,1695.07,1602.186,1524.226,1468.823,1428.254,1388.086,1352.315,1309.901,1254.247,1191.293,1132.686,1075.036,1025.814,989.567,961.789,933.722,907.47,878.056,842.237,802.666,765.664,730.467,695.579,661.052,627.547,594.972,562.507,536.037,518.211,506.095,494.424,484.643,472.039,453.864,432.49,412.641,392.884,376.173,364.294,355.381,345.969,336.982,325.755,310.687,293.166,276.335,259.753,243.193,226.92,211.016,195.121,179.087,164.794,153.071,143.06,133.241,124.113,114.11,102.367,89.73,77.915,66.568,56.355,47.773,40.479,33.568,27.145,21.649,17.187,13.586,10.231,7.789,6.098,4.505,2.963,1.885,1.439,1.128,0.775,0.38,0.161,0.152
Ethiopia,2010,2938.613,2890.904,2846.537,2804.625,2764.278,2724.61,2684.73,2643.754,2600.79,2554.952,2507.376,2459.197,2399.408,2323.074,2235.378,2148.151,2061.08,1970.397,1876.085,1781.01,1686.324,1589.724,1509.538,1454.352,1415.563,1376.949,1342.916,1301.707,1246.211,1182.78,1123.96,1066.134,1017.022,981.369,954.475,927.213,901.792,872.97,837.341,797.709,760.679,725.41,690.583,656.361,623.302,591.111,559.026,532.784,514.948,502.669,490.843,480.872,468.143,449.966,428.661,408.839,389.095,372.336,360.319,351.203,341.591,332.401,320.947,305.627,287.839,270.735,253.865,237.068,220.641,204.634,188.659,172.616,158.19,146.127,135.683,125.479,115.92,105.877,94.69,82.98,72.06,61.707,52.14,43.617,36.022,28.902,22.241,16.759,12.734,9.834,7.044,5.258,4.207,3.013,1.677,0.932,0.77,0.59,0.393,0.177,0.168
Ethiopia,2011,2997.453,2926.125,2878.062,2833.935,2792.737,2753.462,2715.237,2677.191,2637.642,2595.317,2549.611,2502.335,2454.487,2395.025,2319.061,2231.747,2144.829,2058.01,1967.545,1873.417,1778.487,1683.913,1587.398,1507.226,1451.962,1413.032,1374.258,1340.038,1298.647,1242.99,1179.411,1120.432,1062.452,1013.167,977.316,950.214,922.757,897.139,868.199,832.569,793.014,756.056,720.864,686.114,651.955,618.942,586.803,554.773,528.54,510.645,498.257,486.313,476.199,463.344,445.08,423.704,403.79,383.951,367.021,354.715,345.235,335.27,325.725,313.948,298.363,280.356,263.036,245.957,228.996,212.464,196.399,180.396,164.376,149.949,137.823,127.301,117.073,107.518,97.622,86.785,75.57,65.153,55.321,46.344,38.486,31.598,25.058,19.137,14.479,10.957,8.302,5.889,4.416,3.526,2.518,1.394,0.829,0.637,0.425,0.193,0.189
Ethiopia,2012,3066.948,2991.274,2914.44,2866.009,2822.109,2781.613,2743.397,2706.605,2670.379,2632.249,2590.549,2544.963,2497.974,2450.445,2391.293,2315.679,2228.722,2142.09,2055.501,1965.227,1871.257,1776.447,1681.958,1585.503,1505.321,1449.965,1410.881,1371.936,1337.52,1295.935,1240.103,1176.359,1117.207,1059.056,1009.587,973.526,946.211,918.551,892.732,863.667,828.026,788.535,751.639,716.514,681.831,647.723,614.748,582.651,550.669,524.437,506.477,493.977,481.912,471.652,458.668,440.313,418.86,398.849,378.913,361.807,349.207,339.362,329.042,319.138,307.034,291.181,272.951,255.409,238.118,220.991,204.349,188.22,172.186,156.185,141.75,129.559,118.958,108.703,99.15,89.397,78.907,68.182,58.268,48.953,40.564,33.368,27.185,21.224,16.039,12.206,9.184,6.773,4.736,3.575,2.846,2.025,1.11,0.68,0.454,0.209,0.215
Ethiopia,2013,3141.585,3052.284,2975.596,2903.47,2854.659,2810.974,2771.171,2734.005,2698.635,2664.221,2627.499,2586.416,2540.939,2494.224,2447.002,2388.147,2312.865,2226.244,2139.876,2053.493,1963.39,1869.554,1774.841,1680.414,1583.994,1503.784,1448.322,1409.074,1369.948,1335.329,1293.537,1237.516,1173.592,1114.252,1055.918,1006.253,969.975,942.439,914.571,888.544,859.347,823.685,784.25,747.405,712.338,677.712,643.648,610.703,578.64,546.697,520.461,502.431,489.816,477.626,467.218,454.102,435.652,414.118,394.005,373.967,356.681,343.785,333.57,322.892,312.628,300.195,284.07,265.611,247.845,230.337,213.038,196.283,180.087,164.018,148.033,133.589,121.328,110.643,100.36,90.807,81.196,71.048,60.813,51.399,42.599,34.794,28.26,22.779,17.395,12.946,9.935,7.412,5.245,3.583,2.735,2.168,1.532,0.827,0.484,0.226,0.244
Ethiopia,2014,3213.716,3114.531,3029.228,2956.179,2893.057,2843.857,2800.38,2761.261,2725.138,2691.186,2658.577,2623.256,2582.781,2537.405,2490.955,2444.032,2385.461,2310.495,2224.195,2138.074,2051.883,1961.932,1868.213,1773.578,1679.195,1582.791,1502.538,1446.958,1407.541,1368.225,1333.393,1291.39,1235.168,1171.052,1111.513,1052.984,1003.112,966.611,938.847,910.767,884.526,855.191,819.503,780.115,743.315,708.299,673.724,639.696,606.775,574.74,542.829,516.583,498.481,485.75,473.432,462.874,449.623,431.074,409.454,389.235,369.092,351.622,338.427,327.842,316.804,306.177,293.412,277.011,258.322,240.328,222.599,205.124,188.254,171.986,155.879,139.906,125.45,113.119,102.348,92.034,82.478,73.008,63.201,53.453,44.536,36.249,29.03,23.156,18.377,13.568,9.854,7.666,5.643,3.717,2.432,1.895,1.49,1.04,0.544,0.243,0.274
Ethiopia,2015,3277.584,3174.133,3084.421,3006.963,2940.277,2882.879,2833.285,2790.011,2751.576,2716.493,2683.956,2653.151,2619.229,2579.36,2534.079,2487.893,2441.263,2382.973,2308.317,2222.329,2136.45,2050.442,1960.637,1867.026,1772.463,1678.115,1581.72,1501.417,1445.715,1406.123,1366.616,1331.571,1289.351,1232.925,1168.61,1108.866,1050.137,1000.054,963.325,935.333,907.037,880.581,851.104,815.386,776.043,739.285,704.318,669.792,635.798,602.897,570.888,539.007,512.75,494.572,481.723,469.278,458.568,445.181,426.532,404.823,384.497,364.245,346.59,333.096,322.139,310.74,299.749,286.65,269.973,251.051,232.826,214.876,197.224,180.236,163.896,147.749,131.787,117.317,104.914,94.058,83.711,74.153,64.82,55.356,46.093,37.674,29.901,23.264,18.05,13.973,9.74,6.762,5.396,3.872,2.19,1.279,1.055,0.81,0.546,0.261,0.303
Ethiopia,2016,3328.6,3255.813,3160.495,3076.292,3002.134,2936.951,2879.28,2827.655,2782.975,2744.955,2711.344,2679.377,2648.648,2614.763,2574.93,2529.679,2483.467,2436.765,2378.433,2303.804,2217.881,2132.042,2046.053,1956.286,1862.74,1768.252,1673.972,1577.653,1497.342,1441.503,1401.694,1361.977,1326.714,1284.323,1227.812,1163.47,1103.69,1044.927,994.82,958.071,930.065,901.764,875.309,845.845,810.151,770.839,734.108,699.156,664.657,630.713,597.865,565.893,534.044,507.748,489.435,476.377,463.713,452.759,439.125,420.245,398.308,377.737,357.245,339.285,325.389,313.978,302.152,290.749,277.3,260.365,241.266,222.891,204.821,187.144,170.239,154.075,138.151,122.471,108.31,96.224,85.711,75.748,66.588,57.777,49.001,40.534,32.753,25.802,20.127,15.534,11.791,8.138,5.695,4.536,3.245,1.824,1.118,0.859,0.578,0.279,0.33
Ethiopia,2017,3371.331,3279.107,3235.181,3147.96,3069.237,2998.352,2934.65,2876.685,2823.012,2776.909,2739.292,2707.142,2675.735,2645.069,2611.208,2571.399,2526.162,2479.907,2433.116,2374.724,2300.093,2214.206,2128.378,2042.379,1952.617,1859.104,1764.659,1670.413,1574.137,1493.789,1437.795,1397.754,1357.816,1322.321,1279.746,1223.131,1158.739,1098.901,1040.085,989.935,953.153,925.123,896.806,870.344,840.881,805.199,765.906,729.188,694.239,659.757,625.85,593.045,561.099,529.268,502.926,484.47,471.201,458.313,447.111,433.226,414.106,391.932,371.11,350.371,332.099,317.799,305.93,293.673,281.854,268.05,250.852,231.567,213.036,194.842,177.13,160.305,144.309,128.603,113.2,99.343,87.57,77.396,67.814,59.048,50.754,42.666,34.991,27.844,21.712,16.999,13.023,9.615,6.539,4.63,3.677,2.62,1.459,0.909,0.613,0.297,0.358
Ethiopia,2018,3407.896,3327.972,3252.543,3214.925,3135.794,3062.542,2994.924,2932.695,2874.43,2818.702,2771.171,2733.952,2703.259,2672.408,2641.802,2607.963,2568.172,2522.942,2476.642,2429.755,2371.294,2296.653,2210.793,2124.964,2038.944,1949.178,1855.688,1761.274,1667.052,1570.807,1490.414,1434.257,1393.98,1353.816,1318.087,1275.32,1218.594,1154.145,1094.243,1035.365,985.167,948.347,920.288,891.955,865.48,836.017,800.341,761.062,724.354,689.405,654.934,621.061,588.295,556.371,524.557,498.165,479.562,466.08,452.967,441.515,427.378,408.018,385.604,364.526,343.538,324.954,310.245,297.918,285.226,272.99,258.829,241.366,221.895,203.204,184.883,167.135,150.388,134.559,119.068,103.94,90.386,78.925,69.087,59.885,51.513,43.735,36.334,29.45,22.938,17.625,13.871,10.513,7.438,4.941,3.565,2.818,1.995,1.094,0.651,0.317,0.385
Ethiopia,2019,3442.128,3374.665,3307.831,3241.883,3194.327,3123.296,3055.525,2991.181,2930.432,2871.874,2814.096,2765.141,2728.325,2699.091,2668.802,2638.259,2604.444,2564.675,2519.459,2473.115,2426.139,2367.615,2292.972,2207.147,2121.327,2035.295,1945.534,1852.076,1757.703,1663.515,1567.313,1486.882,1430.568,1390.058,1349.673,1313.712,1270.76,1213.929,1149.429,1089.468,1030.535,980.294,943.439,915.357,887.007,860.525,831.062,795.399,756.137,719.442,684.496,650.043,616.207,583.482,551.584,519.789,493.35,474.605,460.91,447.573,435.873,421.483,401.886,379.233,357.904,336.668,317.771,302.657,289.871,276.749,264.097,249.579,231.853,212.198,193.349,174.904,157.121,140.452,124.793,109.518,94.666,81.418,70.269,60.77,51.948,43.972,36.711,29.996,23.906,18.029,13.535,10.74,8.001,5.261,3.34,2.498,1.959,1.369,0.728,0.338,0.414
Ethiopia,2020,3477.06,3419.651,3359.98,3298.625,3236.168,3173.19,3110.271,3047.993,2986.934,2927.676,2868.832,2809.015,2758.645,2722.238,2694.469,2664.744,2634.27,2600.485,2560.746,2515.55,2469.171,2422.113,2363.538,2288.905,2203.129,2117.333,2031.304,1941.562,1848.153,1753.837,1659.698,1563.554,1483.1,1426.638,1385.903,1345.302,1309.117,1265.987,1209.06,1144.519,1084.511,1025.533,975.256,938.374,910.271,881.911,855.423,825.967,790.322,751.085,714.411,679.473,645.041,611.249,578.572,546.705,514.934,488.452,469.566,455.663,442.104,430.157,415.518,395.686,372.799,351.221,329.74,310.536,295.017,281.776,268.224,255.158,240.288,222.302,202.463,183.462,164.894,147.08,130.492,115.005,99.95,85.377,72.435,61.601,52.442,44.002,36.421,29.68,23.654,18.356,13.116,9.442,7.608,5.489,3.082,1.74,1.432,1.1,0.743,0.363,0.444
Somalia,2000,399.597,375.697,353.716,333.526,315.008,298.034,282.482,268.226,255.145,243.112,232.158,222.313,212.684,202.839,193.115,184.21,175.9,168.564,162.432,157.232,152.366,147.84,143.805,140.24,136.999,133.996,131.29,128.158,124.242,119.841,115.633,111.517,107.428,103.414,99.49,95.605,91.743,88.193,85.085,82.296,79.556,76.898,74.322,71.793,69.308,66.9,64.564,62.183,59.704,57.168,54.693,52.285,49.821,47.258,44.665,42.121,39.571,37.295,35.432,33.835,32.262,30.8,29.158,27.178,25.02,22.972,20.948,19.198,17.866,16.815,15.771,14.796,13.766,12.591,11.344,10.184,9.087,8.039,7.052,6.125,5.244,4.411,3.668,3.031,2.487,1.992,1.548,1.18,0.894,0.675,0.473,0.346,0.276,0.197,0.109,0.062,0.051,0.039,0.026,0.012,0.014
Somalia,2001,407.558,392.197,370.21,349.7,330.599,312.839,296.314,280.916,266.777,253.909,242.126,231.26,221.385,211.731,201.911,192.238,183.343,175.015,167.663,161.528,156.331,151.462,146.928,142.885,139.314,136.068,133.06,130.348,127.213,123.297,118.898,114.693,110.582,106.498,102.49,98.574,94.697,90.843,87.303,84.21,81.438,78.714,76.072,73.509,70.988,68.506,66.101,63.767,61.388,58.909,56.372,53.894,51.482,49.015,46.452,43.86,41.316,38.767,36.487,34.605,32.986,31.392,29.905,28.248,26.27,24.122,22.084,20.073,18.328,16.987,15.919,14.863,13.88,12.851,11.697,10.483,9.358,8.299,7.294,6.36,5.492,4.673,3.902,3.219,2.642,2.155,1.709,1.321,1.01,0.762,0.567,0.393,0.289,0.23,0.163,0.09,0.053,0.04,0.027,0.013,0.015
Somalia,2002,412.227,393.695,385.213,365.116,346.055,328.022,311.003,294.91,279.648,265.61,252.944,241.397,230.608,220.691,211.003,201.197,191.565,182.669,174.315,166.941,160.795,155.597,150.719,146.172,142.118,138.537,135.282,132.265,129.545,126.403,122.483,118.081,113.875,109.764,105.681,101.675,97.762,93.89,90.038,86.506,83.424,80.667,77.956,75.327,72.774,70.258,67.777,65.372,63.039,60.658,58.177,55.636,53.153,50.735,48.262,45.696,43.103,40.556,38.005,35.715,33.815,32.172,30.553,29.042,27.368,25.388,23.248,21.218,19.22,17.478,16.126,15.041,13.972,12.977,11.951,10.816,9.634,8.542,7.519,6.558,5.676,4.867,4.107,3.396,2.775,2.257,1.825,1.428,1.096,0.841,0.631,0.458,0.314,0.232,0.185,0.131,0.072,0.042,0.028,0.014,0.015
Somalia,2003,415.271,400.52,385.499,378.335,360.123,342.509,325.538,309.257,293.589,278.462,264.521,252.051,240.738,230.022,220.062,210.336,200.543,190.948,182.049,173.666,166.266,160.11,154.907,150.019,145.459,141.392,137.799,134.534,131.508,128.778,125.629,121.703,117.298,113.089,108.976,104.894,100.889,96.979,93.108,89.26,85.733,82.663,79.918,77.22,74.605,72.061,69.548,67.067,64.663,62.328,59.946,57.461,54.915,52.427,50.001,47.522,44.952,42.356,39.805,37.252,34.954,33.035,31.366,29.723,28.186,26.496,24.514,22.381,20.358,18.37,16.632,15.269,14.165,13.083,12.078,11.053,9.937,8.786,7.728,6.739,5.822,4.992,4.241,3.54,2.892,2.33,1.871,1.494,1.147,0.871,0.672,0.5,0.35,0.234,0.175,0.139,0.097,0.053,0.029,0.014,0.017
Somalia,2004,419.229,407.417,394.703,381.239,371.226,354.912,338.755,322.859,307.324,292.093,277.11,263.273,251.008,239.936,229.299,219.302,209.543,199.767,190.216,181.321,172.913,165.493,159.328,154.125,149.229,144.658,140.581,136.978,133.706,130.671,127.935,124.779,120.852,116.445,112.236,108.124,104.044,100.042,96.136,92.271,88.428,84.91,81.852,79.121,76.436,73.836,71.303,68.797,66.317,63.913,61.58,59.197,56.711,54.162,51.67,49.237,46.753,44.181,41.584,39.031,36.477,34.171,32.234,30.541,28.874,27.312,25.607,23.624,21.499,19.485,17.51,15.775,14.402,13.28,12.186,11.171,10.147,9.051,7.933,6.909,5.957,5.084,4.306,3.612,2.972,2.385,1.884,1.483,1.164,0.864,0.645,0.503,0.369,0.242,0.155,0.118,0.092,0.065,0.034,0.015,0.017
Somalia,2005,425.962,415.359,403.679,391.079,377.721,363.763,349.362,334.678,319.871,305.097,290.318,275.491,261.773,249.724,238.903,228.357,218.33,208.55,198.801,189.302,180.418,171.994,164.561,158.394,153.194,148.296,143.718,139.635,136.027,132.749,129.71,126.968,123.81,119.883,115.48,111.275,107.169,103.094,99.1,95.202,91.345,87.511,84.005,80.961,78.248,75.581,72.998,70.478,67.978,65.503,63.103,60.773,58.392,55.906,53.356,50.862,48.426,45.939,43.368,40.772,38.22,35.667,33.356,31.403,29.687,27.999,26.414,24.695,22.712,20.597,18.593,16.633,14.904,13.521,12.383,11.278,10.254,9.233,8.157,7.072,6.083,5.168,4.34,3.614,2.98,2.401,1.875,1.437,1.094,0.832,0.582,0.418,0.334,0.238,0.133,0.075,0.061,0.047,0.031,0.015,0.018
Somalia,2006,437.655,422.096,411.064,399.38,387.116,374.34,361.227,347.948,334.058,319.422,304.418,289.53,274.625,260.793,248.616,237.655,226.936,216.713,206.76,196.886,187.299,178.325,169.807,162.329,156.188,151.061,146.239,141.75,137.745,134.187,130.943,127.947,125.256,122.141,118.247,113.872,109.694,105.612,101.574,97.634,93.802,90.008,86.236,82.784,79.783,77.105,74.472,71.92,69.427,66.945,64.481,62.09,59.766,57.389,54.907,52.361,49.867,47.429,44.941,42.365,39.763,37.205,34.65,32.331,30.363,28.63,26.928,25.328,23.605,21.634,19.541,17.561,15.628,13.927,12.569,11.452,10.374,9.379,8.398,7.377,6.357,5.434,4.584,3.821,3.162,2.592,2.067,1.606,1.233,0.936,0.699,0.484,0.351,0.278,0.199,0.11,0.064,0.05,0.033,0.016,0.019
Somalia,2007,451.932,437.561,417.618,406.172,394.503,382.591,370.417,358.168,346.032,332.957,318.513,303.299,288.324,273.363,259.436,247.149,236.063,225.187,214.781,204.669,194.685,185.025,175.971,167.372,159.862,153.754,148.708,143.969,139.576,135.654,132.152,128.945,125.997,123.36,120.294,116.438,112.096,107.952,103.901,99.905,96.026,92.265,88.539,84.834,81.442,78.489,75.85,73.254,70.739,68.274,65.814,63.366,60.988,58.672,56.303,53.828,51.288,48.799,46.364,43.875,41.299,38.696,36.138,33.581,31.258,29.277,27.53,25.816,24.204,22.48,20.523,18.455,16.501,14.6,12.929,11.596,10.504,9.455,8.49,7.55,6.586,5.632,4.775,3.992,3.297,2.705,2.2,1.73,1.334,1.029,0.776,0.566,0.386,0.282,0.224,0.158,0.087,0.051,0.034,0.017,0.019
Somalia,2008,467.281,449.348,432.621,412.847,400.997,389.35,377.799,366.234,354.858,343.871,331.621,317.379,301.967,286.916,271.908,257.897,245.509,234.305,223.281,212.699,202.436,192.348,182.621,173.495,164.822,157.283,151.215,146.251,141.6,137.306,133.47,130.025,126.859,123.96,121.38,118.364,114.55,110.244,106.136,102.118,98.167,94.351,90.665,87.009,83.373,80.044,77.14,74.541,71.985,69.508,67.075,64.638,62.206,59.842,57.537,55.176,52.711,50.181,47.697,45.266,42.78,40.205,37.602,35.044,32.489,30.163,28.173,26.413,24.687,23.065,21.34,19.398,17.357,15.432,13.563,11.923,10.615,9.549,8.529,7.597,6.698,5.79,4.905,4.115,3.398,2.772,2.246,1.805,1.393,1.062,0.823,0.616,0.432,0.288,0.213,0.168,0.119,0.065,0.036,0.017,0.02
Somalia,2009,481.538,460.657,441.845,424.864,408.22,395.961,384.333,373.138,362.178,351.671,341.829,330.396,316.352,300.736,285.605,270.546,256.445,243.951,232.628,221.45,210.69,200.272,190.078,180.281,171.081,162.329,154.761,148.729,143.846,139.28,135.083,131.332,127.945,124.816,121.968,119.442,116.474,112.701,108.43,104.358,100.372,96.464,92.71,89.096,85.509,81.943,78.673,75.82,73.259,70.742,68.302,65.899,63.485,61.069,58.718,56.423,54.071,51.615,49.092,46.614,44.185,41.7,39.126,36.523,33.964,31.41,29.08,27.079,25.305,23.568,21.935,20.208,18.282,16.266,14.368,12.531,10.922,9.641,8.599,7.608,6.706,5.85,4.999,4.18,3.456,2.808,2.248,1.788,1.413,1.057,0.79,0.619,0.456,0.298,0.19,0.145,0.114,0.079,0.041,0.018,0.021
Somalia,2010,493.143,470.894,451.132,433.57,417.923,403.904,391.229,379.61,368.762,358.399,348.751,340.045,329.422,315.565,299.734,284.51,269.39,255.189,242.579,231.128,219.788,208.842,198.261,187.953,178.079,168.797,159.961,152.357,146.356,141.552,137.067,132.964,129.296,125.962,122.87,120.069,117.596,114.675,110.938,106.699,102.659,98.703,94.835,91.14,87.596,84.076,80.575,77.363,74.557,72.034,69.554,67.148,64.774,62.38,59.979,57.639,55.353,53.007,50.557,48.04,45.565,43.137,40.653,38.077,35.472,32.91,30.355,28.019,26.007,24.218,22.467,20.822,19.093,17.18,15.189,13.317,11.509,9.93,8.673,7.655,6.693,5.821,5.006,4.21,3.458,2.8,2.218,1.725,1.333,1.021,0.72,0.519,0.415,0.297,0.165,0.093,0.076,0.058,0.039,0.019,0.022
Somalia,2011,499.975,485.204,464.847,446.514,429.981,415.022,401.365,388.736,377.15,366.477,356.349,346.763,338.006,327.3,313.353,297.421,282.071,266.802,252.468,239.756,228.229,216.813,205.786,195.186,184.947,175.198,166.044,157.347,149.864,143.948,139.202,134.787,130.758,127.152,123.863,120.807,118.039,115.597,112.713,109.028,104.848,100.863,96.96,93.145,89.495,85.993,82.513,79.051,75.877,73.105,70.617,68.168,65.791,63.438,61.055,58.657,56.32,54.034,51.686,49.231,46.707,44.224,41.788,39.298,36.725,34.125,31.572,29.03,26.703,24.692,22.903,21.158,19.519,17.815,15.953,14.034,12.234,10.503,8.997,7.808,6.852,5.956,5.149,4.402,3.68,3.003,2.406,1.896,1.479,1.136,0.856,0.599,0.434,0.346,0.247,0.137,0.079,0.061,0.041,0.02,0.023
Somalia,2012,504.606,485.339,477.951,459.455,442.523,426.993,412.701,399.385,386.785,375.216,364.702,354.794,345.259,336.438,325.636,311.578,295.526,280.026,264.59,250.103,237.271,225.653,214.144,203.021,192.387,182.201,172.566,163.526,154.957,147.585,141.744,137.05,132.697,128.736,125.187,121.941,118.915,116.177,113.761,110.911,107.27,103.144,99.21,95.356,91.585,87.977,84.512,81.068,77.639,74.498,71.758,69.301,66.879,64.528,62.192,59.817,57.42,55.081,52.793,50.44,47.976,45.441,42.948,40.499,38.001,35.426,32.829,30.28,27.747,25.426,23.415,21.623,19.88,18.244,16.564,14.752,12.901,11.17,9.513,8.079,6.955,6.061,5.228,4.486,3.807,3.156,2.552,2.018,1.577,1.233,0.942,0.693,0.477,0.349,0.277,0.198,0.108,0.064,0.043,0.02,0.025
Somalia,2013,508.767,492.407,476.987,471.138,454.483,438.938,424.399,410.759,397.772,385.191,373.627,363.264,353.565,344.072,335.179,324.271,310.091,293.903,278.24,262.62,247.967,235.004,223.282,211.671,200.442,189.764,179.623,170.092,161.158,152.708,145.441,139.67,135.023,130.729,126.834,123.338,120.13,117.133,114.422,112.03,109.21,105.613,101.537,97.648,93.839,90.111,86.54,83.109,79.698,76.299,73.188,70.478,68.048,65.652,63.323,61.004,58.634,56.235,53.894,51.6,49.24,46.764,44.217,41.71,39.247,36.739,34.158,31.562,29.016,26.49,24.173,22.158,20.363,18.62,16.988,15.328,13.565,11.779,10.117,8.532,7.169,6.108,5.275,4.505,3.827,3.215,2.635,2.103,1.63,1.261,0.99,0.749,0.531,0.357,0.264,0.209,0.148,0.08,0.046,0.022,0.027
Somalia,2014,514.902,500.718,486.846,473.275,464.415,449.603,435.443,421.891,408.902,396.243,383.676,372.116,361.901,352.412,342.957,333.99,322.972,308.667,292.339,276.509,260.704,245.881,232.783,220.957,209.241,197.902,187.178,177.079,167.65,158.821,150.489,143.326,137.623,133.023,128.786,124.956,121.513,118.342,115.372,112.688,110.32,107.53,103.975,99.947,96.105,92.339,88.653,85.119,81.721,78.342,74.973,71.89,69.21,66.809,64.436,62.131,59.827,57.462,55.061,52.715,50.417,48.048,45.562,43.001,40.479,38.001,35.482,32.898,30.301,27.756,25.236,22.922,20.905,19.104,17.363,15.732,14.093,12.378,10.659,9.064,7.551,6.258,5.262,4.488,3.782,3.168,2.622,2.113,1.654,1.242,0.944,0.746,0.556,0.368,0.236,0.18,0.141,0.099,0.053,0.023,0.028
Somalia,2015,524.806,511.116,497.538,484.089,470.784,457.64,444.673,431.902,419.34,407.005,394.674,382.124,370.568,360.501,351.224,341.808,332.769,321.642,307.214,290.746,274.75,258.76,243.769,230.537,218.608,206.787,195.341,184.571,174.516,165.189,156.467,148.252,141.193,135.56,131.006,126.829,123.062,119.673,116.541,113.599,110.943,108.597,105.837,102.325,98.346,94.55,90.83,87.185,83.688,80.324,76.978,73.639,70.585,67.934,65.561,63.213,60.931,58.642,56.283,53.879,51.53,49.228,46.85,44.353,41.779,39.243,36.751,34.22,31.631,29.035,26.492,23.979,21.667,19.648,17.843,16.102,14.473,12.856,11.188,9.535,8.008,6.568,5.345,4.413,3.7,3.058,2.508,2.028,1.591,1.203,0.853,0.626,0.502,0.362,0.204,0.116,0.096,0.073,0.049,0.025,0.03
Somalia,2016,538.716,520.592,506.668,493.165,480.035,467.226,454.765,442.683,430.533,418.101,405.578,393.147,380.516,368.843,358.64,349.209,339.618,330.382,319.094,304.569,288.054,272.009,255.971,240.974,227.79,215.945,204.217,192.876,182.209,172.248,163.01,154.381,146.266,139.298,133.739,129.249,125.134,121.427,118.093,115.012,112.119,109.507,107.201,104.48,101.006,97.065,93.303,89.612,85.992,82.516,79.168,75.834,72.504,69.452,66.793,64.404,62.041,59.739,57.426,55.038,52.603,50.223,47.89,45.483,42.955,40.356,37.798,35.285,32.745,30.161,27.58,25.06,22.574,20.296,18.309,16.54,14.842,13.257,11.704,10.127,8.582,7.162,5.831,4.709,3.858,3.213,2.634,2.154,1.741,1.359,1.012,0.71,0.523,0.42,0.302,0.17,0.1,0.076,0.052,0.025,0.032
Somalia,2017,556.253,537.854,516.316,502.159,488.734,475.925,463.612,451.837,440.641,429.111,416.811,404.101,391.573,378.864,367.076,356.735,347.154,337.387,327.954,316.508,301.889,285.328,269.235,253.153,238.153,225.016,213.258,201.624,190.388,179.828,169.962,160.812,152.279,144.264,137.386,131.903,127.476,123.424,119.777,116.5,113.471,110.626,108.058,105.793,103.11,99.675,95.773,92.044,88.383,84.79,81.334,78.003,74.681,71.36,68.311,65.645,63.242,60.861,58.54,56.204,53.788,51.322,48.91,46.546,44.109,41.554,38.929,36.349,33.816,31.267,28.688,26.124,23.625,21.169,18.922,16.968,15.236,13.581,12.041,10.551,9.065,7.628,6.315,5.095,4.072,3.303,2.726,2.209,1.799,1.454,1.126,0.82,0.567,0.421,0.337,0.241,0.134,0.079,0.054,0.027,0.034
Somalia,2018,576.063,553.73,533.497,512.104,497.714,484.366,471.876,460.057,448.964,438.651,427.741,415.572,402.674,390.047,377.258,365.352,354.875,345.14,335.198,325.568,313.962,299.246,282.638,266.496,250.368,235.361,222.272,210.598,199.056,187.925,177.469,167.697,158.634,150.196,142.281,135.492,130.083,125.72,121.73,118.143,114.921,111.945,109.147,106.624,104.398,101.754,98.358,94.494,90.797,87.166,83.597,80.162,76.847,73.538,70.227,67.179,64.504,62.087,59.689,57.35,54.99,52.545,50.046,47.604,45.21,42.742,40.159,37.508,34.905,32.352,29.793,27.219,24.672,22.194,19.766,17.551,15.63,13.935,12.322,10.827,9.4,8.005,6.677,5.47,4.36,3.436,2.748,2.241,1.784,1.446,1.167,0.893,0.629,0.425,0.32,0.254,0.181,0.1,0.057,0.028,0.036
Somalia,2019,596.184,570.362,547.412,527.053,508.164,493.533,480.253,468.074,456.745,446.33,436.894,426.597,414.553,401.46,388.726,375.851,363.822,353.201,343.31,333.186,323.354,311.58,296.763,280.098,263.898,247.714,232.694,219.646,208.05,196.594,185.562,175.204,165.521,156.541,148.193,140.373,133.67,128.332,124.029,120.1,116.571,113.403,110.476,107.727,105.246,103.058,100.452,97.092,93.264,89.599,85.995,82.449,79.034,75.733,72.434,69.13,66.082,63.399,60.966,58.549,56.189,53.804,51.329,48.798,46.323,43.897,41.399,38.785,36.107,33.48,30.906,28.336,25.765,23.233,20.775,18.374,16.19,14.301,12.642,11.07,9.618,8.254,6.949,5.728,4.628,3.627,2.804,2.196,1.756,1.361,1.092,0.881,0.663,0.438,0.283,0.217,0.171,0.121,0.065,0.029,0.037
Somalia,2020,615.093,587.095,562.358,540.565,521.394,504.527,489.645,476.427,464.554,453.706,443.962,435.399,425.711,413.783,400.488,387.64,374.67,362.511,351.74,341.686,331.374,321.334,309.387,294.456,277.724,261.456,245.208,230.165,217.148,205.624,194.248,183.308,173.043,163.443,154.54,146.277,138.548,131.927,126.657,122.413,118.542,115.068,111.952,109.074,106.369,103.929,101.779,99.208,95.884,92.089,88.453,84.874,81.351,77.951,74.663,71.373,68.074,65.024,62.33,59.879,57.443,55.061,52.649,50.144,47.578,45.068,42.609,40.078,37.434,34.726,32.073,29.477,26.894,24.326,21.807,19.367,16.993,14.837,12.979,11.354,9.823,8.415,7.112,5.897,4.782,3.788,2.895,2.17,1.644,1.271,0.938,0.739,0.595,0.431,0.246,0.14,0.116,0.09,0.061,0.03,0.039
South Sudan,2000,239.801,229.633,220.194,211.424,203.263,195.651,188.526,181.828,175.498,169.473,163.83,158.646,153.178,147.093,140.738,134.711,128.789,123.719,119.902,116.926,113.999,111.295,108.394,105.013,101.364,97.927,94.589,91.402,88.433,85.615,82.82,80.091,77.309,74.408,71.453,68.566,65.719,62.986,60.418,57.972,55.614,53.418,51.08,48.467,45.762,43.192,40.603,38.731,37.934,37.821,37.667,37.639,37.244,36.171,34.659,33.271,31.911,30.514,29.109,27.698,26.25,24.765,23.36,22.085,20.898,19.707,18.537,17.343,16.091,14.816,13.582,12.382,11.215,10.089,9.008,7.969,6.972,6.047,5.206,4.443,3.732,3.072,2.497,2.016,1.617,1.266,0.963,0.715,0.521,0.373,0.244,0.17,0.133,0.092,0.047,0.023,0.018,0.014,0.009,0.004,0.004
South Sudan,2001,245.703,238.556,229.07,220.184,211.847,204.015,196.635,189.653,183.048,176.781,170.791,165.13,159.883,154.346,148.208,141.806,135.712,129.708,124.559,120.67,117.628,114.632,111.858,108.895,105.464,101.773,98.295,94.919,91.695,88.687,85.83,83.001,80.238,77.426,74.5,71.523,68.617,65.751,63.002,60.419,57.959,55.587,53.378,51.03,48.411,45.702,43.127,40.534,38.651,37.83,37.684,37.498,37.436,37.01,35.912,34.378,32.967,31.584,30.162,28.728,27.286,25.81,24.298,22.863,21.557,20.338,19.116,17.92,16.702,15.437,14.152,12.913,11.711,10.549,9.44,8.382,7.368,6.401,5.511,4.713,3.996,3.332,2.722,2.194,1.757,1.399,1.083,0.821,0.612,0.445,0.313,0.202,0.142,0.11,0.077,0.039,0.021,0.015,0.01,0.004,0.004
South Sudan,2002,249.73,240.911,237.039,228.244,219.917,212.023,204.528,197.387,190.555,184.05,177.855,171.905,166.233,160.929,155.332,149.147,142.706,136.551,130.472,125.25,121.294,118.192,115.131,112.289,109.268,105.79,102.061,98.547,95.139,91.881,88.839,85.945,83.083,80.292,77.453,74.506,71.51,68.588,65.707,62.945,60.35,57.878,55.497,53.276,50.921,48.298,45.588,43.013,40.42,38.527,37.682,37.504,37.285,37.191,36.735,35.613,34.059,32.626,31.221,29.775,28.315,26.845,25.341,23.804,22.343,21.007,19.756,18.507,17.284,16.046,14.766,13.476,12.231,11.029,9.876,8.782,7.749,6.763,5.825,4.971,4.216,3.546,2.932,2.37,1.889,1.497,1.179,0.9,0.678,0.508,0.368,0.252,0.161,0.113,0.088,0.06,0.031,0.017,0.011,0.005,0.005
South Sudan,2003,253.676,245.918,238.377,235.705,227.591,219.815,212.355,205.19,198.283,191.596,185.184,179.055,173.143,167.455,162.09,156.428,150.193,143.707,137.487,131.331,126.032,122.007,118.84,115.712,112.801,109.719,106.194,102.425,98.872,95.428,92.134,89.054,86.124,83.228,80.404,77.538,74.566,71.55,68.61,65.712,62.935,60.325,57.842,55.447,53.214,50.849,48.222,45.51,42.931,40.335,38.431,37.563,37.353,37.103,36.973,36.487,35.341,33.766,32.311,30.884,29.412,27.925,26.426,24.894,23.33,21.84,20.474,19.192,17.913,16.663,15.404,14.11,12.811,11.562,10.358,9.211,8.134,7.124,6.165,5.256,4.438,3.724,3.102,2.534,2.021,1.587,1.239,0.962,0.717,0.536,0.405,0.292,0.193,0.119,0.085,0.066,0.045,0.023,0.012,0.005,0.005
South Sudan,2004,260.042,252.952,245.923,238.957,235.043,227.588,220.341,213.293,206.436,199.742,193.183,186.846,180.766,174.872,169.152,163.712,157.97,151.667,145.118,138.815,132.562,127.173,123.067,119.826,116.623,113.635,110.484,106.9,103.081,99.479,95.989,92.65,89.524,86.547,83.609,80.746,77.843,74.84,71.795,68.827,65.905,63.103,60.473,57.969,55.556,53.304,50.923,48.283,45.561,42.972,40.365,38.446,37.551,37.307,37.025,36.862,36.344,35.17,33.57,32.089,30.634,29.134,27.615,26.082,24.518,22.924,21.401,19.999,18.681,17.37,16.09,14.806,13.494,12.183,10.927,9.718,8.573,7.509,6.52,5.584,4.703,3.917,3.244,2.665,2.144,1.679,1.291,0.985,0.748,0.537,0.396,0.303,0.216,0.133,0.078,0.058,0.044,0.031,0.014,0.005,0.005
South Sudan,2005,270.351,263.195,256.097,249.064,242.097,235.201,228.381,221.639,214.982,208.413,201.91,195.453,189.171,183.119,177.224,171.452,165.917,160.073,153.679,147.043,140.637,134.266,128.764,124.563,121.238,117.948,114.872,111.64,107.984,104.1,100.437,96.889,93.493,90.309,87.277,84.286,81.372,78.423,75.375,72.292,69.287,66.328,63.495,60.833,58.3,55.859,53.581,51.175,48.514,45.772,43.163,40.537,38.594,37.67,37.393,37.076,36.879,36.327,35.121,33.49,31.977,30.49,28.956,27.399,25.827,24.226,22.594,21.034,19.592,18.234,16.886,15.571,14.256,12.922,11.595,10.326,9.108,7.963,6.907,5.935,5.02,4.163,3.407,2.772,2.236,1.76,1.34,0.997,0.733,0.535,0.359,0.257,0.202,0.14,0.074,0.037,0.03,0.023,0.015,0.007,0.006
South Sudan,2006,283.351,273.821,266.487,259.341,252.359,245.517,238.825,232.29,225.727,219.051,212.332,205.716,199.151,192.744,186.556,180.518,174.588,168.884,162.876,156.333,149.558,143.008,136.495,130.858,126.529,123.085,119.678,116.492,113.155,109.402,105.427,101.677,98.047,94.576,91.322,88.224,85.172,82.2,79.2,76.108,72.986,69.945,66.953,64.083,61.379,58.801,56.315,53.991,51.546,48.856,46.092,43.458,40.809,38.833,37.861,37.529,37.157,36.905,36.296,35.037,33.354,31.786,30.248,28.662,27.052,25.429,23.78,22.104,20.501,19.02,17.626,16.246,14.905,13.575,12.238,10.918,9.662,8.459,7.34,6.324,5.399,4.534,3.729,3.026,2.442,1.956,1.522,1.153,0.862,0.632,0.453,0.3,0.216,0.17,0.118,0.062,0.034,0.026,0.017,0.008,0.007
South Sudan,2007,299.571,289.831,277.78,270.254,263.047,256.105,249.376,242.876,236.616,230.223,223.515,216.636,209.893,203.207,196.664,190.33,184.137,178.04,172.156,165.975,159.269,152.342,145.638,138.969,133.186,128.722,125.152,121.625,118.321,114.873,111.015,106.941,103.098,99.38,95.826,92.497,89.328,86.21,83.174,80.117,76.976,73.809,70.726,67.696,64.786,62.035,59.405,56.87,54.496,52.008,49.286,46.493,43.83,41.152,39.141,38.12,37.731,37.303,36.993,36.328,35.013,33.273,31.651,30.056,28.415,26.751,25.074,23.372,21.649,20.002,18.477,17.045,15.633,14.262,12.914,11.571,10.258,9.011,7.823,6.728,5.749,4.87,4.054,3.299,2.648,2.114,1.678,1.286,0.969,0.729,0.532,0.371,0.243,0.176,0.138,0.096,0.049,0.03,0.02,0.008,0.008
South Sudan,2008,316.584,304.959,294.352,281.51,273.799,266.536,259.64,253.033,246.732,240.754,234.536,227.803,220.769,213.905,207.105,200.429,193.954,187.61,181.349,175.291,168.939,162.078,155.004,148.151,141.332,135.407,130.812,127.119,123.471,120.053,116.497,112.537,108.367,104.434,100.631,96.998,93.594,90.358,87.175,84.079,80.967,77.779,74.57,71.448,68.383,65.434,62.637,59.959,57.377,54.955,52.426,49.672,46.855,44.164,41.46,39.414,38.345,37.899,37.415,37.049,36.328,34.956,33.164,31.486,29.837,28.142,26.424,24.694,22.943,21.173,19.481,17.916,16.446,15.001,13.604,12.237,10.891,9.584,8.348,7.175,6.107,5.166,4.335,3.568,2.865,2.267,1.784,1.398,1.049,0.782,0.594,0.43,0.288,0.184,0.135,0.105,0.073,0.037,0.022,0.01,0.009
South Sudan,2009,331.16,318.115,306.377,295.82,284.321,276.449,269.154,262.328,255.863,249.782,244.107,238.084,231.349,224.181,217.219,210.326,203.541,196.945,190.472,184.067,177.853,171.353,164.357,157.161,150.18,143.234,137.186,132.474,128.67,124.915,121.393,117.741,113.691,109.44,105.429,101.553,97.852,94.386,91.092,87.856,84.709,81.553,78.328,75.088,71.936,68.846,65.868,63.035,60.316,57.696,55.235,52.673,49.897,47.063,44.354,41.632,39.558,38.445,37.943,37.406,36.984,36.208,34.786,32.944,31.218,29.52,27.776,26.01,24.233,22.437,20.626,18.897,17.296,15.794,14.321,12.899,11.52,10.174,8.878,7.657,6.504,5.465,4.566,3.784,3.069,2.421,1.877,1.447,1.112,0.807,0.593,0.457,0.328,0.205,0.125,0.094,0.073,0.05,0.025,0.011,0.01
South Sudan,2010,341.056,327.539,315.395,304.489,294.687,285.856,277.86,270.566,263.838,257.544,251.709,246.358,240.556,233.848,226.58,219.551,212.596,205.733,199.046,192.472,185.954,179.614,172.993,165.896,158.608,151.532,144.491,138.347,133.54,129.643,125.797,122.189,118.456,114.336,110.021,105.951,102.02,98.268,94.756,91.419,88.143,84.96,81.774,78.527,75.271,72.103,69.001,66.007,63.151,60.405,57.758,55.269,52.684,49.9,47.062,44.347,41.62,39.527,38.375,37.82,37.23,36.756,35.93,34.463,32.581,30.813,29.074,27.29,25.483,23.667,21.835,19.992,18.232,16.602,15.074,13.581,12.143,10.757,9.417,8.138,6.938,5.809,4.803,3.949,3.22,2.56,1.969,1.481,1.107,0.823,0.563,0.403,0.319,0.225,0.121,0.065,0.053,0.04,0.027,0.013,0.012
South Sudan,2011,351.851,339.448,326.876,315.397,304.921,295.355,286.566,278.422,271.026,264.361,258.217,252.432,247.073,241.243,234.489,227.162,220.062,213.026,206.085,199.335,192.706,186.127,179.724,173.046,165.896,158.559,151.437,144.353,138.166,133.314,129.373,125.487,121.841,118.076,113.932,109.599,105.512,101.565,97.806,94.292,90.96,87.691,84.515,81.335,78.089,74.827,71.658,68.552,65.555,62.696,59.947,57.295,54.797,52.205,49.41,46.562,43.836,41.096,38.979,37.787,37.183,36.545,36.02,35.148,33.64,31.722,29.92,28.15,26.339,24.51,22.68,20.839,18.991,17.234,15.614,14.105,12.635,11.225,9.88,8.595,7.384,6.253,5.195,4.262,3.478,2.819,2.218,1.697,1.282,0.954,0.697,0.472,0.34,0.269,0.188,0.101,0.059,0.045,0.03,0.013,0.014
South Sudan,2012,358.168,346.429,336.392,324.827,314.072,304.075,294.786,286.076,277.818,270.35,263.775,257.81,252.101,246.755,240.922,234.149,226.793,219.652,212.562,205.574,198.787,192.13,185.518,179.079,172.369,165.196,157.843,150.704,143.605,137.4,132.524,128.554,124.645,120.976,117.195,113.043,108.709,104.622,100.677,96.925,93.427,90.114,86.864,83.711,80.548,77.315,74.065,70.905,67.809,64.821,61.971,59.231,56.584,54.089,51.499,48.708,45.862,43.134,40.393,38.261,37.034,36.382,35.697,35.125,34.209,32.667,30.721,28.892,27.096,25.265,23.424,21.586,19.742,17.899,16.152,14.55,13.066,11.626,10.25,8.951,7.729,6.59,5.534,4.552,3.696,2.987,2.4,1.863,1.416,1.075,0.795,0.567,0.378,0.275,0.217,0.151,0.081,0.048,0.032,0.015,0.015
South Sudan,2013,360.589,350.724,341.124,332.023,321.515,311.525,302.047,293.072,284.477,276.136,268.624,262.165,256.404,250.791,245.48,239.664,232.902,225.544,218.389,211.274,204.263,197.467,190.808,184.188,177.737,171.023,163.854,156.512,149.383,142.297,136.099,131.217,127.236,123.317,119.64,115.857,111.713,107.395,103.325,99.398,95.667,92.196,88.915,85.698,82.578,79.448,76.241,73.012,69.876,66.801,63.834,61.004,58.283,55.653,53.17,50.592,47.814,44.981,42.262,39.531,37.392,36.135,35.438,34.708,34.091,33.135,31.564,29.598,27.748,25.935,24.091,22.243,20.405,18.567,16.734,15.004,13.426,11.973,10.569,9.231,7.984,6.83,5.769,4.792,3.891,3.115,2.483,1.972,1.499,1.127,0.862,0.634,0.434,0.284,0.208,0.164,0.114,0.06,0.034,0.016,0.017
South Sudan,2014,360.197,352.103,343.828,335.421,326.485,317.066,307.875,298.948,290.319,281.867,273.473,265.945,259.625,254.085,248.59,243.333,237.556,230.826,223.494,216.35,209.236,202.229,195.447,188.809,182.205,175.766,169.07,161.933,154.627,147.535,140.487,134.317,129.447,125.467,121.553,117.882,114.11,109.99,105.704,101.664,97.767,94.072,90.641,87.404,84.23,81.156,78.067,74.898,71.703,68.601,65.559,62.622,59.823,57.131,54.526,52.064,49.508,46.754,43.943,41.244,38.531,36.393,35.111,34.371,33.6,32.94,31.947,30.353,28.373,26.51,24.685,22.835,20.988,19.156,17.33,15.513,13.807,12.259,10.842,9.479,8.185,6.993,5.909,4.931,4.036,3.218,2.524,1.973,1.538,1.132,0.837,0.647,0.47,0.301,0.188,0.141,0.11,0.076,0.039,0.017,0.017
South Sudan,2015,358.038,351.166,343.854,336.176,328.21,320.032,311.718,303.345,294.99,286.727,278.444,270.023,262.5,256.336,251.033,245.67,240.481,234.762,228.083,220.798,213.689,206.594,199.612,192.865,186.268,179.7,173.291,166.634,159.548,152.301,145.265,138.277,132.153,127.309,123.344,119.446,115.789,112.042,107.957,103.714,99.717,95.862,92.213,88.831,85.647,82.526,79.506,76.469,73.346,70.195,67.134,64.133,61.237,58.476,55.82,53.249,50.815,48.287,45.565,42.785,40.113,37.426,35.297,33.993,33.213,32.403,31.702,30.676,29.065,27.077,25.206,23.375,21.525,19.683,17.863,16.054,14.261,12.582,11.068,9.69,8.371,7.125,5.991,4.981,4.086,3.275,2.541,1.932,1.462,1.104,0.765,0.546,0.433,0.308,0.168,0.092,0.076,0.057,0.038,0.018,0.019
South Sudan,2016,357.822,350.667,343.874,336.755,329.362,321.747,313.988,306.167,298.186,290.036,281.859,273.688,265.383,257.96,251.884,246.657,241.357,236.217,230.553,223.943,216.738,209.7,202.676,195.768,189.103,182.592,176.111,169.789,163.219,156.22,149.058,142.109,135.208,129.166,124.397,120.5,116.672,113.084,109.406,105.4,101.239,97.321,93.545,89.969,86.651,83.524,80.46,77.493,74.509,71.441,68.345,65.336,62.384,59.532,56.808,54.186,51.643,49.233,46.733,44.042,41.295,38.651,35.997,33.877,32.557,31.744,30.906,30.174,29.128,27.512,25.532,23.67,21.851,20.028,18.231,16.468,14.72,12.994,11.391,9.961,8.673,7.446,6.292,5.254,4.34,3.539,2.809,2.168,1.653,1.246,0.926,0.636,0.456,0.362,0.256,0.14,0.08,0.061,0.041,0.019,0.021
South Sudan,2017,355.875,349.491,342.347,335.649,328.744,321.656,314.411,307.093,299.785,292.218,284.297,276.223,268.189,260.024,252.719,246.747,241.612,236.388,231.313,225.718,219.197,212.088,205.143,198.208,191.394,184.828,178.423,172.046,165.827,159.361,152.468,145.412,138.568,131.773,125.83,121.148,117.332,113.584,110.071,106.475,102.558,98.491,94.663,90.975,87.481,84.238,81.176,78.177,75.271,72.348,69.344,66.311,63.361,60.467,57.666,54.988,52.404,49.898,47.52,45.052,42.4,39.694,37.087,34.469,32.368,31.035,30.191,29.326,28.567,27.503,25.886,23.92,22.073,20.272,18.479,16.73,15.029,13.349,11.694,10.17,8.827,7.633,6.502,5.445,4.503,3.686,2.982,2.335,1.789,1.37,1.028,0.746,0.505,0.366,0.289,0.204,0.11,0.064,0.043,0.02,0.021
South Sudan,2018,353.856,347.075,340.193,333.979,327.379,320.688,313.904,307.03,300.151,293.358,286.204,278.511,270.545,262.647,254.623,247.44,241.571,236.528,231.383,226.372,220.85,214.416,207.407,200.555,193.711,186.99,180.527,174.227,167.955,161.842,155.482,148.695,141.747,135.009,128.321,122.477,117.884,114.149,110.48,107.045,103.53,99.703,95.73,91.993,88.395,84.984,81.812,78.818,75.884,73.041,70.18,67.239,64.269,61.38,58.542,55.794,53.162,50.619,48.149,45.803,43.368,40.757,38.09,35.521,32.94,30.857,29.512,28.638,27.745,26.96,25.879,24.262,22.309,20.476,18.693,16.932,15.232,13.594,11.98,10.397,8.953,7.697,6.597,5.56,4.598,3.754,3.035,2.428,1.863,1.412,1.088,0.809,0.566,0.375,0.275,0.217,0.152,0.081,0.045,0.021,0.023
South Sudan,2019,353.708,346.351,339.166,332.129,326.501,319.981,313.486,306.99,300.467,294.009,287.71,280.95,273.465,265.586,257.804,249.899,242.816,237.039,232.073,226.994,222.033,216.568,210.206,203.278,196.502,189.729,183.086,176.706,170.495,164.312,158.287,152.017,145.319,138.459,131.811,125.212,119.452,114.934,111.27,107.672,104.305,100.862,97.115,93.225,89.569,86.051,82.713,79.607,76.671,73.795,71.005,68.2,65.314,62.399,59.563,56.776,54.074,51.479,48.97,46.531,44.208,41.802,39.223,36.59,34.051,31.501,29.429,28.069,27.163,26.241,25.426,24.326,22.705,20.76,18.938,17.168,15.434,13.778,12.199,10.647,9.13,7.762,6.59,5.58,4.635,3.767,3.017,2.394,1.881,1.398,1.039,0.809,0.594,0.388,0.246,0.186,0.145,0.101,0.052,0.022,0.024
South Sudan,2020,356.633,348.681,341.13,333.927,327.021,320.36,313.894,307.568,301.333,295.135,289.073,283.244,276.851,269.544,261.719,254.021,246.203,239.193,233.48,228.573,223.537,218.608,213.176,206.86,199.984,193.255,186.526,179.932,173.611,167.463,161.343,155.381,149.174,142.538,135.738,129.15,122.614,116.914,112.455,108.846,105.304,101.991,98.607,94.923,91.101,87.51,84.058,80.781,77.726,74.836,72.005,69.26,66.497,63.655,60.785,57.989,55.24,52.571,50.005,47.518,45.099,42.793,40.403,37.846,35.236,32.717,30.188,28.12,26.739,25.796,24.84,23.994,22.869,21.236,19.291,17.472,15.708,13.994,12.375,10.847,9.351,7.897,6.598,5.506,4.582,3.726,2.948,2.29,1.761,1.339,0.935,0.669,0.533,0.38,0.212,0.118,0.097,0.074,0.05,0.024,0.026
Central African Republic,2000,134.671,127.842,121.844,116.599,112.031,108.061,104.613,101.609,98.97,96.621,94.558,92.779,90.832,88.487,85.894,83.459,81.137,78.685,76.034,73.279,70.566,67.838,65.366,63.289,61.475,59.657,57.897,56.077,54.113,52.071,50.106,48.189,46.313,44.491,42.718,40.976,39.262,37.629,36.098,34.647,33.231,31.866,30.507,29.132,27.763,26.457,25.219,23.998,22.776,21.587,20.454,19.345,18.443,17.836,17.426,17.031,16.686,16.296,15.792,15.218,14.683,14.166,13.63,13.07,12.49,11.906,11.318,10.718,10.109,9.492,8.875,8.262,7.64,7.002,6.36,5.733,5.122,4.532,3.969,3.436,2.928,2.442,2.01,1.643,1.333,1.05,0.796,0.586,0.426,0.306,0.192,0.122,0.095,0.064,0.03,0.013,0.01,0.007,0.005,0.002,0.002
Central African Republic,2001,137.791,132.337,126.065,120.504,115.592,111.266,107.451,104.077,101.123,98.545,96.251,94.198,92.393,90.414,88.042,85.423,82.948,80.577,78.077,75.384,72.593,69.841,67.075,64.568,62.464,60.628,58.791,57.014,55.181,53.206,51.156,49.186,47.268,45.395,43.58,41.821,40.094,38.398,36.786,35.28,33.856,32.47,31.134,29.803,28.454,27.108,25.826,24.61,23.41,22.211,21.043,19.929,18.839,17.949,17.344,16.93,16.531,16.18,15.782,15.274,14.694,14.152,13.629,13.086,12.518,11.93,11.339,10.744,10.14,9.529,8.912,8.298,7.688,7.074,6.45,5.826,5.219,4.63,4.066,3.537,3.041,2.57,2.124,1.731,1.404,1.132,0.882,0.665,0.491,0.356,0.252,0.156,0.101,0.078,0.052,0.025,0.011,0.008,0.005,0.003,0.002
Central African Republic,2002,140.44,133.849,129.995,124.281,119.16,114.581,110.496,106.836,103.536,100.633,98.114,95.877,93.834,92.003,89.991,87.593,84.948,82.434,80.013,77.465,74.731,71.904,69.114,66.307,63.766,61.635,59.778,57.921,56.129,54.281,52.295,50.238,48.263,46.343,44.474,42.668,40.922,39.21,37.531,35.941,34.46,33.064,31.706,30.4,29.099,27.775,26.452,25.193,23.999,22.821,21.643,20.498,19.404,18.331,17.453,16.852,16.434,16.031,15.673,15.269,14.754,14.17,13.621,13.091,12.54,11.964,11.368,10.77,10.169,9.562,8.948,8.331,7.718,7.113,6.507,5.896,5.29,4.704,4.136,3.6,3.103,2.646,2.213,1.807,1.453,1.165,0.93,0.715,0.534,0.396,0.286,0.199,0.122,0.079,0.061,0.042,0.02,0.009,0.005,0.003,0.002
Central African Republic,2003,142.719,136.555,130.92,127.637,122.482,117.799,113.554,109.711,106.208,102.982,100.131,97.673,95.491,93.458,91.602,89.559,87.134,84.462,81.909,79.438,76.844,74.069,71.205,68.377,65.532,62.957,60.799,58.92,57.045,55.236,53.376,51.379,49.313,47.334,45.413,43.547,41.75,40.016,38.322,36.66,35.09,33.634,32.267,30.939,29.663,28.39,27.092,25.793,24.557,23.385,22.228,21.074,19.95,18.875,17.82,16.955,16.356,15.935,15.528,15.163,14.753,14.232,13.642,13.087,12.55,11.993,11.407,10.805,10.2,9.594,8.982,8.365,7.748,7.138,6.537,5.939,5.342,4.754,4.188,3.641,3.131,2.669,2.25,1.856,1.488,1.173,0.924,0.728,0.547,0.404,0.301,0.216,0.145,0.087,0.057,0.044,0.03,0.014,0.006,0.003,0.003
Central African Republic,2004,144.8,139.093,133.77,128.811,125.253,120.657,116.414,112.504,108.904,105.558,102.407,99.608,97.21,95.085,93.062,91.181,89.107,86.655,83.959,81.366,78.847,76.206,73.39,70.492,67.626,64.742,62.134,59.949,58.05,56.156,54.332,52.458,50.451,48.379,46.395,44.473,42.61,40.823,39.103,37.424,35.781,34.232,32.802,31.463,30.164,28.918,27.674,26.403,25.127,23.915,22.766,21.631,20.499,19.397,18.342,17.307,16.454,15.858,15.433,15.021,14.651,14.234,13.708,13.113,12.551,12.006,11.441,10.85,10.239,9.628,9.016,8.4,7.781,7.164,6.556,5.96,5.37,4.786,4.217,3.671,3.146,2.663,2.235,1.853,1.498,1.168,0.894,0.685,0.526,0.378,0.273,0.206,0.146,0.091,0.052,0.036,0.028,0.018,0.008,0.003,0.003
Central African Republic,2005,146.796,141.474,136.424,131.64,127.113,122.836,118.8,114.998,111.424,108.068,104.879,101.804,99.058,96.721,94.654,92.641,90.736,88.631,86.154,83.433,80.801,78.235,75.548,72.693,69.759,66.857,63.936,61.295,59.085,57.165,55.253,53.413,51.527,49.51,47.43,45.444,43.522,41.663,39.885,38.18,36.517,34.893,33.366,31.963,30.651,29.381,28.166,26.952,25.707,24.456,23.267,22.14,21.029,19.92,18.839,17.804,16.788,15.948,15.354,14.928,14.511,14.135,13.711,13.18,12.579,12.012,11.461,10.889,10.289,9.671,9.052,8.435,7.816,7.196,6.579,5.973,5.38,4.799,4.23,3.679,3.152,2.649,2.194,1.799,1.456,1.139,0.85,0.615,0.444,0.323,0.209,0.141,0.11,0.076,0.038,0.018,0.014,0.01,0.006,0.003,0.003
Central African Republic,2006,149.15,144.705,139.738,135.009,130.508,126.226,122.159,118.307,114.626,111.093,107.719,104.492,101.358,98.528,96.087,93.903,91.761,89.718,87.491,84.921,82.13,79.429,76.795,74.065,71.202,68.286,65.405,62.515,59.906,57.724,55.83,53.949,52.147,50.3,48.321,46.282,44.336,42.455,40.639,38.904,37.244,35.624,34.042,32.555,31.184,29.9,28.658,27.468,26.278,25.056,23.829,22.661,21.552,20.458,19.365,18.301,17.279,16.275,15.441,14.844,14.409,13.983,13.596,13.163,12.622,12.012,11.437,10.877,10.298,9.694,9.074,8.457,7.841,7.229,6.618,6.016,5.426,4.853,4.297,3.761,3.249,2.761,2.299,1.885,1.533,1.233,0.954,0.707,0.513,0.37,0.266,0.172,0.116,0.09,0.062,0.031,0.014,0.011,0.007,0.003,0.003
Central African Republic,2007,151.486,146.597,142.632,138.022,133.613,129.395,125.358,121.503,117.834,114.272,110.781,107.389,104.123,100.929,98.014,95.469,93.166,90.896,88.712,86.362,83.699,80.837,78.066,75.364,72.59,69.719,66.818,63.96,61.101,58.524,56.368,54.499,52.651,50.886,49.077,47.138,45.137,43.231,41.391,39.617,37.926,36.31,34.734,33.195,31.746,30.407,29.152,27.936,26.772,25.606,24.408,23.204,22.056,20.965,19.888,18.812,17.763,16.755,15.763,14.934,14.335,13.891,13.455,13.059,12.615,12.064,11.446,10.86,10.292,9.706,9.098,8.477,7.859,7.247,6.64,6.041,5.452,4.879,4.324,3.792,3.29,2.816,2.369,1.947,1.575,1.266,1.01,0.769,0.564,0.411,0.295,0.209,0.133,0.091,0.071,0.048,0.024,0.011,0.007,0.004,0.004
Central African Republic,2008,153.432,148.694,144.137,140.421,136.172,132.088,128.158,124.37,120.732,117.25,113.812,110.366,106.958,103.657,100.405,97.409,94.761,92.34,89.942,87.621,85.148,82.395,79.466,76.626,73.857,71.043,68.166,65.285,62.451,59.625,57.083,54.955,53.114,51.3,49.574,47.804,45.906,43.947,42.083,40.287,38.556,36.911,35.341,33.809,32.314,30.906,29.6,28.374,27.186,26.049,24.908,23.735,22.555,21.429,20.358,19.299,18.24,17.208,16.214,15.235,14.412,13.812,13.359,12.915,12.508,12.054,11.493,10.867,10.273,9.697,9.105,8.492,7.87,7.253,6.645,6.044,5.455,4.882,4.326,3.789,3.284,2.814,2.381,1.974,1.592,1.263,0.998,0.784,0.583,0.421,0.309,0.221,0.151,0.094,0.065,0.05,0.034,0.017,0.007,0.004,0.004
Central African Republic,2009,154.512,149.987,145.644,141.471,137.906,134.028,130.279,126.645,123.115,119.699,116.412,113.105,109.711,106.297,102.967,99.665,96.592,93.847,91.315,88.795,86.34,83.752,80.913,77.923,75.021,72.191,69.342,66.466,63.609,60.807,58.021,55.519,53.425,51.614,49.838,48.153,46.429,44.575,42.661,40.845,39.094,37.412,35.816,34.294,32.811,31.364,29.998,28.73,27.535,26.378,25.269,24.156,23.011,21.857,20.756,19.706,18.667,17.629,16.614,15.638,14.673,13.859,13.258,12.797,12.346,11.93,11.466,10.898,10.264,9.663,9.08,8.483,7.869,7.246,6.632,6.027,5.435,4.858,4.3,3.763,3.247,2.767,2.333,1.94,1.574,1.235,0.948,0.727,0.557,0.395,0.276,0.205,0.145,0.093,0.055,0.039,0.03,0.021,0.01,0.004,0.004
Central African Republic,2010,154.444,150.25,146.227,142.358,138.626,135.019,131.519,128.114,124.786,121.521,118.338,115.254,112.087,108.754,105.341,101.992,98.649,95.509,92.677,90.04,87.404,84.825,82.128,79.212,76.169,73.214,70.331,67.457,64.589,61.766,59.001,56.263,53.806,51.752,49.978,48.244,46.607,44.931,43.127,41.264,39.499,37.799,36.168,34.625,33.157,31.726,30.331,29.011,27.784,26.623,25.5,24.423,23.34,22.226,21.102,20.028,19.002,17.987,16.972,15.978,15.02,14.074,13.27,12.67,12.203,11.745,11.321,10.85,10.275,9.636,9.029,8.441,7.841,7.226,6.604,5.995,5.396,4.813,4.25,3.71,3.192,2.698,2.245,1.847,1.495,1.172,0.875,0.633,0.456,0.329,0.207,0.132,0.102,0.07,0.035,0.017,0.013,0.01,0.006,0.004,0.004
Central African Republic,2011,154.299,151.726,147.975,144.346,140.818,137.374,134.005,130.702,127.4,124.064,120.703,117.394,114.161,110.779,107.158,103.412,99.724,96.031,92.593,89.551,86.773,84.001,81.294,78.539,75.652,72.703,69.858,67.107,64.373,61.638,58.947,56.329,53.748,51.44,49.513,47.852,46.233,44.709,43.141,41.442,39.677,38.005,36.396,34.846,33.377,31.973,30.603,29.266,27.999,26.817,25.701,24.615,23.573,22.523,21.44,20.345,19.296,18.291,17.296,16.3,15.323,14.381,13.448,12.653,12.052,11.578,11.113,10.684,10.206,9.63,8.992,8.388,7.804,7.211,6.608,6.005,5.413,4.836,4.28,3.752,3.253,2.777,2.324,1.917,1.563,1.257,0.975,0.722,0.523,0.376,0.269,0.168,0.107,0.083,0.057,0.029,0.013,0.01,0.006,0.003,0.004
Central African Republic,2012,153.218,149.981,148.697,145.397,142.169,138.99,135.84,132.716,129.614,126.423,123.086,119.636,116.209,112.833,109.243,105.341,101.27,97.251,93.217,89.489,86.243,83.329,80.425,77.599,74.791,71.94,69.09,66.361,63.748,61.158,58.562,56.008,53.543,51.125,48.968,47.172,45.629,44.128,42.72,41.264,39.672,38.01,36.436,34.917,33.453,32.06,30.725,29.419,28.14,26.927,25.797,24.725,23.682,22.677,21.661,20.611,19.546,18.523,17.543,16.57,15.594,14.638,13.713,12.796,12.01,11.409,10.93,10.46,10.023,9.542,8.965,8.33,7.73,7.15,6.567,5.978,5.392,4.822,4.267,3.739,3.247,2.789,2.356,1.946,1.583,1.276,1.018,0.775,0.569,0.414,0.296,0.209,0.129,0.083,0.064,0.043,0.021,0.009,0.006,0.002,0.004
Central African Republic,2013,151.732,149.023,146.379,145.616,142.766,139.939,137.109,134.254,131.375,128.476,125.397,122.06,118.523,114.98,111.463,107.667,103.488,99.093,94.746,90.373,86.357,82.91,79.862,76.83,73.884,71.024,68.21,65.461,62.848,60.373,57.928,55.473,53.057,50.744,48.489,46.484,44.821,43.394,42.013,40.721,39.377,37.891,36.332,34.855,33.43,32.051,30.733,29.467,28.227,27.008,25.85,24.768,23.742,22.74,21.773,20.793,19.775,18.741,17.746,16.79,15.838,14.886,13.949,13.04,12.141,11.365,10.764,10.279,9.803,9.362,8.876,8.299,7.668,7.071,6.497,5.922,5.348,4.78,4.229,3.697,3.198,2.742,2.327,1.935,1.569,1.25,0.99,0.777,0.576,0.416,0.304,0.217,0.149,0.09,0.059,0.046,0.03,0.015,0.006,0.002,0.002
Central African Republic,2014,150.542,148.257,146.025,143.824,142.791,140.386,137.954,135.467,132.901,130.262,127.56,124.588,121.246,117.615,113.948,110.285,106.279,101.815,97.089,92.407,87.689,83.38,79.726,76.539,73.373,70.302,67.386,64.604,61.95,59.45,57.108,54.805,52.486,50.202,48.038,45.942,44.085,42.551,41.239,39.973,38.795,37.56,36.18,34.72,33.338,32.003,30.707,29.463,28.264,27.085,25.923,24.818,23.784,22.802,21.84,20.908,19.962,18.975,17.971,17.002,16.067,15.136,14.204,13.284,12.392,11.507,10.739,10.137,9.647,9.166,8.717,8.227,7.649,7.019,6.425,5.855,5.289,4.727,4.177,3.646,3.135,2.663,2.243,1.869,1.519,1.194,0.919,0.706,0.539,0.379,0.264,0.195,0.137,0.088,0.051,0.034,0.026,0.018,0.009,0.002,0.002
Central African Republic,2015,150.155,148.118,146.155,144.236,142.331,140.411,138.443,136.4,134.25,131.965,129.558,127.046,124.171,120.813,117.077,113.277,109.454,105.224,100.459,95.389,90.356,85.276,80.659,76.786,73.449,70.138,66.934,63.952,61.192,58.627,56.229,54.015,51.846,49.655,47.499,45.475,43.533,41.819,40.409,39.207,38.055,36.987,35.857,34.578,33.215,31.923,30.673,29.456,28.282,27.145,26.025,24.917,23.862,22.873,21.932,21.007,20.108,19.191,18.233,17.255,16.309,15.394,14.48,13.564,12.661,11.781,10.909,10.147,9.543,9.044,8.555,8.098,7.602,7.021,6.391,5.798,5.23,4.67,4.12,3.586,3.073,2.582,2.135,1.75,1.415,1.107,0.823,0.592,0.423,0.301,0.182,0.112,0.086,0.058,0.028,0.013,0.01,0.007,0.005,0.002,0.002
Central African Republic,2016,148.865,147.648,145.785,144.013,142.295,140.588,138.868,137.109,135.198,133.064,130.713,128.241,125.654,122.676,119.181,115.289,111.329,107.338,102.974,98.13,93.02,87.948,82.838,78.219,74.385,71.115,67.88,64.762,61.867,59.189,56.7,54.387,52.261,50.176,48.063,45.978,44.025,42.153,40.504,39.149,37.999,36.895,35.873,34.786,33.547,32.222,30.966,29.749,28.563,27.418,26.31,25.215,24.13,23.096,22.126,21.2,20.29,19.403,18.497,17.55,16.581,15.644,14.736,13.831,12.925,12.033,11.165,10.305,9.55,8.947,8.444,7.953,7.496,7.003,6.433,5.821,5.246,4.697,4.163,3.647,3.152,2.68,2.229,1.826,1.483,1.192,0.921,0.68,0.49,0.349,0.246,0.148,0.091,0.07,0.047,0.022,0.009,0.007,0.005,0.002,0.002
Central African Republic,2017,148.466,146.461,145.694,143.996,142.408,140.881,139.364,137.838,136.281,134.493,132.369,129.943,127.395,124.728,121.633,117.991,113.931,109.798,105.627,101.113,96.171,91.003,85.877,80.716,76.08,72.27,69.055,65.884,62.841,60.023,57.415,54.994,52.755,50.709,48.7,46.654,44.634,42.745,40.935,39.344,38.041,36.937,35.876,34.895,33.847,32.644,31.353,30.128,28.939,27.78,26.66,25.576,24.501,23.437,22.42,21.464,20.55,19.649,18.773,17.876,16.935,15.972,15.04,14.136,13.236,12.337,11.454,10.594,9.743,8.993,8.387,7.88,7.385,6.925,6.435,5.874,5.276,4.717,4.185,3.674,3.19,2.734,2.3,1.888,1.525,1.224,0.974,0.74,0.541,0.391,0.277,0.191,0.113,0.071,0.054,0.037,0.018,0.007,0.005,0.002,0.002
Central African Republic,2018,149.025,146.783,144.85,144.156,142.618,141.21,139.87,138.54,137.203,135.842,134.174,132.051,129.544,126.915,124.157,120.939,117.138,112.9,108.581,104.217,99.541,94.489,89.25,84.052,78.826,74.16,70.364,67.194,64.077,61.099,58.35,55.807,53.446,51.276,49.302,47.363,45.381,43.418,41.587,39.834,38.296,37.042,35.98,34.961,34.019,33.006,31.836,30.574,29.377,28.213,27.076,25.978,24.915,23.859,22.811,21.808,20.863,19.959,19.066,18.197,17.306,16.37,15.411,14.48,13.577,12.68,11.785,10.908,10.053,9.209,8.462,7.852,7.338,6.838,6.375,5.885,5.332,4.747,4.201,3.686,3.196,2.743,2.322,1.926,1.552,1.229,0.969,0.76,0.561,0.403,0.294,0.207,0.138,0.08,0.05,0.038,0.026,0.013,0.004,0.002,0.002
Central African Republic,2019,150.588,147.919,145.683,143.81,142.857,141.477,140.245,139.092,137.946,136.796,135.63,134.079,131.954,129.362,126.647,123.794,120.447,116.48,112.054,107.543,102.979,98.132,92.959,87.639,82.362,77.062,72.357,68.568,65.439,62.371,59.456,56.771,54.285,51.982,49.877,47.974,46.101,44.179,42.272,40.496,38.798,37.31,36.1,35.082,34.101,33.196,32.218,31.078,29.845,28.672,27.531,26.416,25.338,24.293,23.254,22.221,21.231,20.296,19.399,18.514,17.649,16.763,15.829,14.872,13.942,13.039,12.143,11.251,10.378,9.528,8.688,7.942,7.328,6.806,6.3,5.832,5.343,4.796,4.223,3.691,3.19,2.723,2.299,1.914,1.554,1.217,0.934,0.714,0.546,0.383,0.265,0.195,0.137,0.084,0.046,0.03,0.022,0.015,0.007,0.002,0.002
Central African Republic,2020,153.152,149.865,147.154,144.937,143.134,141.662,140.44,139.387,138.42,137.458,136.496,135.524,134.09,131.962,129.282,126.477,123.526,120.047,115.911,111.293,106.584,101.814,96.792,91.494,86.087,80.728,75.348,70.602,66.816,63.725,60.704,57.849,55.226,52.798,50.55,48.508,46.674,44.869,43.006,41.151,39.43,37.784,36.347,35.183,34.204,33.263,32.395,31.449,30.34,29.134,27.986,26.868,25.773,24.715,23.687,22.664,21.645,20.666,19.741,18.851,17.972,17.113,16.229,15.298,14.342,13.412,12.508,11.611,10.723,9.853,9.006,8.171,7.426,6.807,6.275,5.765,5.292,4.802,4.262,3.7,3.181,2.694,2.248,1.853,1.505,1.181,0.882,0.638,0.459,0.331,0.204,0.126,0.098,0.065,0.03,0.011,0.009,0.007,0.004,0.002,0.002
Nigeria,2000,4647.375,4406.553,4191.293,3999.592,3829.448,3678.858,3545.817,3428.324,3324.375,3231.967,3149.891,3076.939,3007.136,2936.89,2866.581,2800.581,2738.497,2670.278,2591.499,2505.779,2421.764,2338.445,2253.607,2167.25,2080.376,1994.45,1909.734,1827.332,1748.131,1672.306,1598.483,1526.132,1461.501,1407.304,1360.616,1315.702,1273.591,1231.877,1188.742,1145.24,1104.494,1066.189,1027.901,988.838,949.954,912.515,875.686,843.078,816.424,793.761,771.318,749.771,727.275,702.507,676.242,650.73,625.711,599.593,571.869,543.135,514.56,485.988,457.811,430.368,403.539,376.888,350.527,324.82,299.916,275.752,252.239,229.538,207.223,185.121,163.547,143.032,123.516,105.416,89.009,74.175,60.409,47.666,36.866,28.366,21.73,16.032,11.302,7.639,4.95,3.08,1.793,1.362,1.036,0.69,0.323,0.124,0.1,0.074,0.047,0.02,0.012
Nigeria,2001,4775.436,4563.333,4337.12,4134.03,3952.287,3790.117,3645.653,3517.03,3402.922,3301.733,3211.417,3130.429,3057.764,2987.8,2917.132,2846.203,2779.238,2715.849,2646.79,2568.013,2482.85,2399.265,2316.368,2232.035,2146.236,2059.966,1974.703,1890.688,1808.981,1730.44,1655.241,1582.045,1510.326,1446.219,1392.393,1345.967,1301.294,1259.387,1217.879,1174.985,1131.731,1091.183,1053.031,1014.87,975.907,937.088,899.675,862.839,830.138,803.284,780.335,757.578,735.69,712.799,687.576,660.811,634.793,609.26,582.632,554.412,525.204,496.181,467.194,438.647,410.887,383.803,356.969,330.512,304.781,279.924,255.9,232.624,210.233,188.471,167.239,146.772,127.403,109.076,92.293,77.34,64.037,51.795,40.587,31.159,23.775,18.056,13.21,9.323,6.326,4.102,2.53,1.461,1.11,0.845,0.562,0.263,0.101,0.075,0.048,0.02,0.012
Nigeria,2002,4910.829,4660.382,4482.025,4270.272,4079.217,3907.315,3753.015,3614.586,3490.301,3379.508,3281.016,3192.738,3112.79,3040.371,2970.205,2899.074,2827.485,2759.519,2694.792,2624.853,2546.032,2461.376,2378.173,2295.65,2211.772,2126.482,2040.768,1956.114,1872.752,1791.693,1713.766,1639.149,1566.537,1495.408,1431.788,1378.301,1332.109,1287.653,1245.925,1204.599,1161.92,1118.89,1078.517,1040.495,1002.438,963.552,924.777,887.369,850.504,817.692,790.621,767.375,744.293,722.052,698.753,673.058,645.782,619.241,593.18,566.028,537.297,507.599,478.112,448.694,419.761,391.668,364.313,337.282,310.714,284.944,260.119,236.221,213.169,191.077,169.853,149.479,130.103,111.87,94.72,79.24,65.731,53.947,43.223,33.54,25.477,19.204,14.397,10.399,7.352,5.019,3.26,1.983,1.129,0.859,0.653,0.434,0.202,0.077,0.049,0.02,0.012
Nigeria,2003,5050.233,4797.363,4566.758,4402.803,4205.405,4026.296,3864.151,3717.646,3585.187,3465.181,3357.652,3261.811,3175.53,3096.586,3024.377,2953.977,2882.353,2810.071,2741.072,2674.977,2604.127,2525.226,2441.039,2358.18,2275.991,2192.531,2107.711,2022.511,1938.43,1855.682,1775.232,1697.883,1623.814,1551.753,1481.18,1418.019,1364.846,1318.867,1274.607,1233.038,1191.876,1149.392,1106.565,1066.348,1028.441,990.471,951.645,912.895,875.474,838.563,805.625,778.326,754.769,731.353,708.749,685.031,658.854,631.052,603.978,577.378,549.689,520.434,490.233,460.268,430.406,401.073,372.636,344.997,317.755,291.065,265.245,240.441,216.658,193.819,172.013,151.319,131.792,113.5,96.394,80.411,66.228,54.156,43.887,34.675,26.512,19.808,14.643,10.747,7.593,5.386,3.714,2.418,1.438,0.798,0.609,0.462,0.306,0.141,0.051,0.02,0.013
Nigeria,2004,5189.804,4937.138,4704.77,4491.542,4325.422,4142.305,3975.07,3822.619,3683.85,3557.307,3441.532,3337.222,3243.993,3159.671,3081.697,3009.669,2939.006,2866.856,2793.849,2723.788,2656.297,2584.506,2505.49,2421.735,2339.184,2257.297,2174.218,2089.831,2005.111,1921.566,1839.397,1759.522,1682.718,1609.166,1537.625,1467.578,1404.848,1351.967,1306.182,1262.1,1220.672,1179.656,1137.349,1094.708,1054.63,1016.819,978.92,940.138,901.397,863.946,826.974,793.896,766.357,742.481,718.718,695.742,671.594,644.925,616.586,588.966,561.815,533.575,503.784,473.067,442.61,412.292,382.547,353.752,325.819,298.356,271.529,245.648,220.855,197.177,174.54,153.013,132.84,114.152,96.937,80.95,66.129,53.237,42.599,33.841,26.136,19.49,14.145,10.085,7.099,4.79,3.42,2.41,1.577,0.891,0.467,0.36,0.272,0.179,0.081,0.02,0.012
Nigeria,2005,5326.845,5077.442,4845.891,4631.316,4432.845,4249.602,4080.713,3925.304,3782.5,3651.426,3530.759,3419.175,3318.047,3227.398,3145.006,3067.974,2996.099,2925.144,2852.44,2778.681,2707.529,2638.612,2565.851,2486.692,2403.337,2321.064,2239.445,2156.716,2072.73,1988.457,1905.417,1823.796,1744.468,1668.181,1595.116,1524.07,1454.523,1392.2,1339.59,1293.981,1250.061,1208.758,1167.873,1125.727,1083.256,1043.301,1005.573,967.729,928.977,890.23,852.735,815.687,782.455,754.665,730.461,706.342,682.986,658.398,631.224,602.336,574.159,546.446,517.645,487.306,456.06,425.099,394.311,364.143,334.979,306.739,279.043,252.072,226.119,201.327,177.745,155.303,134.047,114.387,96.533,80.388,65.517,51.852,40.25,31.042,23.793,17.596,12.466,8.479,5.526,3.449,1.985,1.453,1.105,0.736,0.346,0.137,0.11,0.081,0.052,0.02,0.012
Nigeria,2006,5446.023,5246.427,5010.595,4790.178,4584.562,4393.128,4215.097,4049.692,3897.102,3757.035,3628.389,3509.143,3398.253,3297.252,3206.223,3123.097,3045.05,2971.847,2899.999,2827.212,2753.903,2683.072,2614.467,2542.088,2463.354,2380.468,2298.732,2217.699,2135.6,2052.284,1968.704,1886.361,1805.441,1726.768,1651.068,1578.531,1507.99,1438.925,1377.007,1324.706,1279.327,1235.6,1194.45,1153.673,1111.596,1069.155,1029.18,991.375,953.454,914.65,875.845,838.245,801.069,767.576,739.338,714.557,689.862,665.924,640.727,612.924,583.409,554.627,526.337,497.046,466.331,434.818,403.664,372.775,342.61,313.561,285.557,258.203,231.661,206.359,182.502,160.068,138.824,118.807,100.519,84.182,69.635,56.353,44.282,34.113,26.087,19.819,14.531,10.308,7.039,4.591,2.835,1.615,1.184,0.899,0.598,0.281,0.11,0.082,0.052,0.021,0.011
Nigeria,2007,5563.781,5332.672,5170.774,4948.282,4738.79,4541.936,4357.359,4184.376,4022.302,3872.392,3734.935,3608.598,3490.668,3380.371,3279.407,3187.918,3103.983,3024.855,2950.261,2877.458,2804.524,2731.6,2661.025,2592.671,2520.611,2442.23,2359.741,2278.47,2197.95,2116.406,2033.686,1950.721,1869.003,1788.709,1710.623,1635.443,1563.367,1493.269,1424.622,1363.054,1311.015,1265.826,1222.254,1181.219,1140.514,1098.469,1056.021,1015.991,978.074,940.043,901.152,862.256,824.518,787.18,753.397,724.687,699.309,674.017,649.477,623.648,595.193,565.025,535.614,506.724,476.915,445.798,413.992,382.618,351.598,321.41,292.452,264.66,237.622,211.483,186.81,163.864,142.557,122.491,103.695,86.76,71.924,58.958,47.252,36.762,28.016,21.161,15.869,11.483,8.16,5.607,3.66,2.225,1.247,0.917,0.696,0.462,0.215,0.082,0.052,0.021,0.011
Nigeria,2008,5682.937,5463.321,5251.463,5098.064,4888.788,4690.101,4501.897,4324.072,4156.037,3997.201,3849.887,3714.961,3590.862,3474.179,3364.413,3263.43,3171.429,3086.637,3006.383,2930.355,2856.556,2783.433,2710.852,2640.494,2572.351,2500.568,2422.497,2340.358,2259.504,2179.451,2098.418,2016.244,1933.85,1852.708,1772.997,1695.453,1620.748,1549.093,1479.398,1411.131,1349.878,1298.071,1253.046,1209.604,1168.662,1128.006,1085.968,1043.488,1003.381,965.33,927.167,888.168,849.158,811.26,773.739,739.646,710.448,684.458,658.555,633.399,606.925,577.799,546.962,516.905,487.399,457.055,425.52,393.402,361.79,330.622,300.393,271.508,243.912,217.176,191.426,167.367,145.321,125.128,106.228,88.642,73.05,59.707,48.314,38.178,29.261,21.933,16.248,11.929,8.443,6.019,4.179,2.732,1.617,0.879,0.649,0.492,0.326,0.15,0.052,0.02,0.011
Nigeria,2009,5808.143,5597.714,5392.384,5192.491,5026.635,4830.53,4642.604,4463.007,4291.894,4128.767,3973.131,3828.376,3695.947,3574.056,3458.59,3349.326,3248.297,3155.76,3070.089,2988.684,2911.204,2836.387,2763.056,2690.8,2620.641,2552.69,2481.166,2403.385,2321.573,2241.117,2161.511,2080.966,1999.319,1917.473,1836.887,1757.737,1680.716,1606.468,1535.214,1465.904,1398,1337.046,1285.457,1240.584,1197.262,1156.401,1115.783,1073.741,1031.219,991.024,952.83,914.524,875.407,836.273,798.204,760.492,726.079,696.384,669.775,643.253,617.475,590.347,560.544,529.029,498.317,468.186,437.299,405.337,372.897,341.039,309.716,279.437,250.618,223.212,196.771,171.403,147.952,126.799,107.717,89.979,73.599,59.348,47.495,37.676,29.105,21.764,15.853,11.335,7.988,5.401,3.876,2.749,1.804,1.008,0.511,0.382,0.289,0.189,0.086,0.02,0.01
Nigeria,2010,5942.529,5736.879,5534.955,5337.163,5143.915,4955.617,4772.679,4595.507,4424.512,4260.1,4101.872,3949.424,3807.216,3677.275,3557.581,3443.323,3334.552,3233.467,3140.383,3053.823,2971.261,2892.315,2816.473,2742.928,2670.988,2601.022,2533.258,2461.986,2384.486,2302.995,2222.928,2143.761,2063.699,1982.571,1901.266,1821.228,1742.633,1666.125,1592.328,1521.47,1452.539,1384.992,1324.329,1272.954,1228.23,1185.022,1144.239,1103.655,1061.606,1019.037,978.749,940.409,901.956,862.716,823.454,785.212,747.303,712.568,682.371,655.141,627.997,601.591,573.808,543.324,511.125,479.757,448.995,417.563,385.169,352.406,320.297,288.816,258.485,229.73,202.51,176.361,151.374,128.53,108.269,90.296,73.721,58.547,45.635,35.273,27.028,20.026,14.26,9.766,6.417,4.042,2.356,1.732,1.319,0.875,0.4,0.144,0.115,0.085,0.054,0.021,0.009
Nigeria,2011,6081.265,5877.563,5677.041,5480.728,5288.821,5101.514,4919.293,4742.641,4570.316,4401.943,4238.579,4081.369,3929.737,3787.744,3657.417,3536.922,3421.619,3311.501,3209.495,3116.291,3030.132,2947.834,2869.143,2793.586,2720.309,2648.646,2579.026,2511.656,2440.832,2363.842,2282.901,2203.396,2124.804,2045.294,1964.678,1883.852,1804.28,1726.125,1650.046,1576.67,1506.21,1437.636,1370.416,1309.978,1258.686,1213.939,1170.673,1129.78,1089.066,1046.886,1004.17,963.68,925.088,886.344,846.773,807.137,768.496,730.185,694.927,664.036,636.007,608.103,580.965,552.495,521.399,488.676,456.858,425.734,394.104,361.72,329.158,297.363,266.29,236.642,208.913,182.974,158.171,134.589,113.274,94.67,78.418,63.565,50.117,38.77,29.71,22.557,16.564,11.806,8.117,5.336,3.326,1.919,1.412,1.075,0.713,0.324,0.118,0.087,0.055,0.021,0.008
Nigeria,2012,6229.791,6017.443,5813.988,5618.544,5427.793,5241.721,5060.31,4884.119,4713.707,4546.188,4380.396,4218.039,4061.811,3910.961,3769.15,3638.408,3517.087,3400.712,3289.222,3186.274,3092.929,3007.151,2925.098,2846.643,2771.352,2698.328,2626.925,2557.635,2490.644,2420.251,2343.753,2263.343,2184.38,2106.345,2027.371,1947.247,1866.88,1787.756,1710.024,1634.354,1561.383,1491.305,1423.071,1356.165,1295.936,1244.716,1199.936,1156.601,1115.59,1074.735,1032.416,989.545,948.844,909.991,870.946,831.035,791.017,751.968,713.249,677.46,645.866,617.035,588.362,560.487,531.325,499.611,466.355,434.08,402.588,370.755,338.373,306.004,274.513,243.844,214.872,188.16,163.495,140.031,117.846,98.056,81.102,66.566,53.43,41.707,31.918,24.156,18.096,13.109,9.358,6.471,4.257,2.611,1.481,1.093,0.832,0.551,0.249,0.09,0.057,0.021,0.008
Nigeria,2013,6380.449,6160.771,5948.998,5751.771,5561.359,5376.125,5195.843,5020.284,4850.081,4685.869,4523.113,4359.864,4198.479,4043.197,3893.092,3751.43,3620.242,3498.067,3380.594,3267.708,3163.793,3070.286,2984.87,2903.043,2824.805,2749.765,2676.974,2605.815,2536.841,2470.211,2400.234,2324.209,2244.312,2165.875,2088.376,2009.92,1930.272,1850.344,1771.65,1694.321,1619.045,1546.461,1476.747,1408.84,1342.231,1282.198,1231.037,1186.214,1142.801,1101.661,1060.658,1018.189,975.152,934.229,895.108,855.754,815.493,775.083,735.619,696.482,660.154,627.852,598.21,568.763,540.145,510.285,477.945,444.149,411.411,379.542,347.498,315.111,282.929,251.734,221.461,193.157,167.456,144.061,121.929,101.137,82.867,67.558,54.734,43.311,33.309,25.075,18.61,13.64,9.658,6.913,4.828,3.179,1.898,1.045,0.774,0.588,0.388,0.174,0.059,0.022,0.006
Nigeria,2014,6523.044,6299.373,6085.129,5879.739,5691.356,5505.916,5326.142,5151.593,4981.832,4817.565,4659.502,4501.461,4340.703,4180.238,4025.853,3876.446,3734.889,3603.215,3480.147,3361.539,3247.22,3142.306,3048.607,2963.525,2881.899,2803.855,2729.04,2656.461,2585.524,2516.842,2450.554,2380.97,2305.395,2225.985,2148.048,2071.064,1993.1,1913.9,1834.388,1756.098,1679.15,1604.243,1532.023,1462.653,1395.05,1328.717,1268.862,1217.744,1172.862,1129.357,1088.077,1046.911,1004.28,961.062,919.908,880.504,840.829,800.207,759.391,719.498,679.931,643.052,610.032,579.571,549.339,519.969,489.401,456.425,422.078,388.867,356.611,324.345,291.944,259.937,229.031,199.143,171.499,146.802,124.667,103.861,84.457,67.699,54.032,42.917,33.205,24.92,18.239,13.069,9.187,6.208,4.469,3.185,2.101,1.184,0.607,0.456,0.345,0.226,0.099,0.023,0.007
Nigeria,2015,6650.392,6429.319,6217.661,6014.766,5819.981,5632.653,5452.133,5277.767,5108.905,4944.891,4786.514,4634.557,4481.185,4322.872,4163.277,4009.741,3860.988,3719.492,3587.29,3463.29,3343.51,3227.722,3121.775,3027.854,2943.08,2861.629,2783.755,2709.144,2636.754,2566.016,2497.607,2431.639,2362.428,2287.279,2208.333,2130.873,2054.378,1976.883,1898.109,1818.987,1741.078,1664.486,1589.926,1518.049,1448.999,1381.681,1315.603,1255.907,1204.816,1159.864,1116.253,1074.819,1033.479,990.67,947.26,905.86,866.161,826.152,785.155,743.922,703.587,663.577,626.137,592.385,561.095,530.071,499.938,468.651,435.029,400.119,366.424,333.772,301.274,268.847,237.007,206.379,176.868,149.875,126.176,105.297,85.811,67.788,52.541,40.512,31.103,23.1,16.531,11.403,7.527,4.734,2.759,2.024,1.543,1.024,0.47,0.171,0.137,0.102,0.064,0.024,0.009
Nigeria,2016,6747.906,6577.782,6368.303,6166.089,5970.727,5781.802,5598.73,5420.926,5248.826,5082.359,4920.599,4763.589,4612.397,4459.205,4300.466,4140.038,3985.456,3835.373,3693.027,3560.845,3437.428,3318.094,3202.747,3097.237,3003.676,2919.224,2838.166,2760.728,2686.564,2614.621,2544.329,2476.375,2410.868,2342.103,2267.376,2188.834,2111.768,2035.649,1958.538,1880.172,1801.464,1723.932,1647.685,1573.422,1501.784,1432.915,1365.736,1299.754,1240.069,1188.885,1143.752,1099.919,1058.219,1016.542,973.316,929.427,887.515,847.272,806.706,765.159,723.375,682.498,641.986,603.969,569.524,537.496,505.834,475.158,443.465,409.614,374.66,341.035,308.549,276.593,245.206,214.769,185.612,157.646,132.368,110.55,91.647,74.149,58.136,44.696,34.152,25.976,19.112,13.688,9.477,6.258,3.896,2.249,1.653,1.259,0.836,0.383,0.144,0.106,0.067,0.026,0.012
Nigeria,2017,6832.444,6640.278,6509.333,6311.305,6118.402,5930.445,5747.257,5568.321,5393.12,5223.179,5059.001,4899.389,4743.648,4593.128,4440.021,4280.756,4119.396,3963.674,3812.168,3668.884,3536.64,3413.729,3294.766,3179.789,3074.65,2981.389,2897.205,2816.489,2739.442,2665.678,2594.135,2524.245,2456.702,2391.616,2323.254,2248.903,2170.715,2093.995,2018.202,1941.428,1863.423,1785.078,1707.875,1631.924,1557.912,1486.468,1417.737,1350.654,1284.729,1225.017,1173.709,1128.367,1084.284,1042.293,1000.252,956.583,912.19,869.74,828.926,787.78,745.656,703.297,661.854,620.813,582.197,547.036,514.253,481.933,450.698,418.577,384.478,349.455,315.882,283.542,252.108,221.737,192.684,164.98,138.542,114.959,95.008,78.066,62.545,48.528,36.886,27.819,20.869,15.141,10.857,7.557,4.992,3.062,1.741,1.283,0.977,0.648,0.295,0.113,0.071,0.029,0.017
Nigeria,2018,6911.472,6739.082,6566.465,6443.412,6256.761,6073.092,5892.467,5714.946,5540.078,5367.412,5199.562,5037.611,4880.086,4725.553,4575.646,4422.563,4262.712,4100.357,3943.433,3790.446,3646.167,3513.809,3391.359,3272.72,3158.067,3053.256,2960.261,2876.314,2795.908,2719.219,2645.826,2574.658,2505.142,2437.985,2373.293,2305.308,2231.303,2153.44,2077.036,2001.54,1925.073,1847.397,1769.385,1692.481,1616.797,1543.009,1471.731,1403.111,1336.098,1270.202,1210.441,1158.988,1113.421,1069.071,1026.772,984.351,940.221,895.306,852.303,810.903,769.159,726.443,683.493,641.465,599.881,560.65,524.761,491.208,458.219,426.41,393.852,359.488,324.385,290.85,258.643,227.717,198.353,170.673,144.41,119.488,97.593,79.501,64.515,50.963,38.939,29.091,21.497,15.77,11.174,8.029,5.64,3.729,2.23,1.233,0.914,0.695,0.46,0.209,0.075,0.031,0.021
Nigeria,2019,6995.903,6839.212,6679.337,6516.78,6378.132,6202.844,6028.398,5855.091,5683.221,5512.404,5342.256,5176.481,5016.74,4861.287,4707.947,4558.637,4405.564,4245.108,4081.74,3923.597,3769.111,3623.822,3491.337,3369.333,3251.006,3136.665,3032.174,2939.433,2855.714,2775.61,2699.273,2626.243,2555.442,2486.293,2419.515,2355.211,2287.596,2213.93,2136.382,2060.287,1985.08,1908.912,1831.558,1753.871,1677.257,1601.833,1528.259,1457.14,1388.623,1321.673,1255.8,1195.984,1144.381,1098.583,1053.961,1011.35,968.545,923.949,878.506,834.945,792.954,750.608,707.295,663.748,621.132,579,539.15,502.527,468.202,434.54,402.154,369.152,334.522,299.334,265.833,233.756,203.337,174.976,148.666,123.843,100.435,80.228,63.993,50.963,39.38,29.347,21.294,15.173,10.67,7.206,5.2,3.723,2.466,1.396,0.725,0.544,0.411,0.272,0.123,0.033,0.026
Nigeria,2020,7093.94,6944.558,6791.2,6634.401,6474.696,6312.62,6148.708,5983.495,5817.517,5651.306,5484.548,5316.925,5153.231,4995.708,4842.331,4690.19,4541.481,4388.421,4227.366,4062.989,3903.631,3747.65,3601.355,3468.746,3347.192,3229.181,3115.156,3010.988,2918.505,2835.015,2755.216,2679.233,2606.57,2536.136,2467.357,2400.961,2337.046,2269.803,2196.478,2119.25,2043.464,1968.549,1892.683,1815.653,1738.294,1661.973,1586.811,1513.454,1442.495,1374.085,1307.201,1241.352,1181.483,1129.73,1083.703,1038.809,995.887,952.699,907.639,861.668,817.55,774.969,732.022,688.112,643.97,600.767,558.088,517.619,480.264,445.165,410.831,377.868,344.426,309.529,274.258,240.792,208.847,178.933,151.578,126.641,103.259,81.368,62.848,48.473,37.4,27.787,19.75,13.49,8.845,5.566,3.236,2.369,1.803,1.201,0.562,0.217,0.174,0.129,0.083,0.036,0.03
